cartodb_id,the_geom,name_1
1,0106000020E6100000050000000103000000010000000700000094111780467657401188D7F50BF61C40A35C1ABFF07B57407D91D09673D91B402426A8E15B795740B9C7D2872E381B40B1C22D1F49725740C493DDCCE8571B406DCA15DEE56A5740F4531C075E0D1C40419B1C3EE96B5740C2F5285C8FC21C4094111780467657401188D7F50BF61C4001030000000100000006000000D5D0066003215740F418E59997CB25403FE603029D2557405E807D74EA922540ED48F59D5F24574093AAED26F82625406BF46A80D21B574098A25C1ABF182540566474401218574091B932A836902540D5D0066003215740F418E59997CB2540010300000001000000080000001FF64201DB2C57405A492BBEA17828407769C3616932574079C6BE64E3D927402F65E080962E5740696803B0010927400518963FDF26574038A1100187302740F9B7CB7EDD20574059F3E32F2DB22740C991CEC0C82657400A67B796C9D827400B45BA9F53295740355F251FBB5B28401FF64201DB2C57405A492BBEA17828400103000000010000000800000013B1886187395740725303CDE7D429406E30D461853E574009DFFB1BB46F2940F1BA7EC16E3E5740A167B3EA73152940A59E05A1BC385740EB1D6E8786A52840CC91955F062E574016DD7A4D0F9A284089EAAD81AD2C5740D6E253008CD728402D5915E1262E5740C15609168793294013B1886187395740725303CDE7D42940010300000001000000080000003FC8B260E2415740A65EB7088C252B405776C1E09A445740C631923D42A52A40EE5D83BEF44157403CFA5FAE45232A403FE603029D3257409D84D21742062A40020CCB9F6F36574009C4EBFA057B2A40AFD172A087355740821FD5B0DFBB2A40D4F19881CA3A57401D91EF52EA122B403FC8B260E2415740A65EB7088C252B40,Andaman and Nicobar
7,,Chandigarh
16,0106000020E6100000010000000103000000010000004B00000069E21DE0499A5340ACFE08C380414040336B2920ED925340529D0E643D5B40403480B740827E53407E9065C1C44B4040033FAA61BF7A53401BD82AC1E2604040774EB340BB705340C24CDBBFB26E4040E736E15E996D5340FC170802647C40409C35785F95545340FB3E1C2444694040FF1D51A1BA4853407100FDBE7F7D404019AE0E80B83A5340BF4351A04F8440409605137F143353406B2A8BC22E964040E3512AE109235340F4C308E1D19A404062D68BA19C1853409B594B0169974040D6AC33BE2F0F5340CC9A58E02B844040ADBF2500FF0553404489963C9E80404073309B00C3FB5240EDBAB722317140406EF7729F1CFB5240B537F8C264524040A35698BED7F75240F19F6EA0C04940409641B5C189ED524098C3EE3B86354040501C40BFEFDD5240E73922DFA528404089E76C01A1D45240950B957F2D2B404028F38FBE49C55240DDCD531D723D4040033C69E1B2AC5240D9429083123E4040BF4351A04FA75240FB90B75CFD6040409A44BDE0D39D524057AF22A3036440403480B74082965240594C6C3EAE814040A1681EC0228D52402A711DE38A8540403EB324404D8552401E8A027D229740401A87FA5DD88B5240005471E316B1404018C91EA1668B524033897AC1A7BD40404DF564FED181524027D53E1D8FC9404000F73C7FDA7D524031410DDFC2DE4040D80C7041B69052402E3883BF5FF640401CCF6740BD8D5240740CC85EEF044140E40F069E7B7952406F4BE48233044140389ECF807A7E5240DE57E542E5214140E21E4B1FBA71524034A149624935414092205C0185795240412B3064753F4140C53D963E747D52401FDB32E02C5941404301DBC188895240B96DDFA3FE58414080785DBF609352406C2409C2156641400C39B69E21A55240265305A3926241403AADDBA0F6AA524082AB3C81B0594140AA7D3A1E33C1524057B5A4A31C5241408196AE601BC952405DC136E2C95441404D31074147D952400F60915F3F464140CBBBEA01F3EF5240A9A10DC00642414016A5846055025340E542E55FCB5541403FA7203F1B0A5340AEF545425B52414020D26F5F071E534016A58460556541400E30F31DFC2A53400DAB7823F36041408DD2A57F492F534060AC6F607273414086DEE2E13D37534006D3307C447C4140815A0C1EA6405340844BC79C677A414022FC8BA0317653407536E49F19C04140C367EBE0607F53409911DE1E84B0414073F4F8BD4D855340CEA3E2FF8E8A4140514CDE0033925340EC4B361E6C554140DE1B430070A45340C364AA60544E41402A53CC41D0BE53406EB88FDC9A2A4140DA1B7C6132BD53400987DEE2E11B41407E8AE3C0ABAE534045A165DD3F0C4140DD09F65FE7AD5340FCDEA63FFBF14040D906EE409DB1534081CF0F2384DF4040A9893E1F65AD53403C80457EFDD64040FFCC203EB0B45340B6F81400E3BD404010548D5E0DC95340FCF675E09C9940404C2EC6C03ADA534063B83A00E29640403577F4BF5CD7534084ED27637C7A4040B8E68EFE97E253406F63B323D55F404042E90B21E7E25340D4EE5701BE4D4040A15F5B3FFDCC534068E89FE06241404011A8FE4124BE53405C55F65D112C40406CD097DEFEB15340F7E461A1D63C4040E9482EFF21AF53401327F73B1459404069E21DE0499A5340ACFE08C380414040,Jammu and Kashmir
19,0106000020E6100000010000000103000000010000002F00000052465C001A1B5340CD21A9859251274058703FE081105340166EF9484AF2264043AD69DE712253408733BF9A03B426403BA759A0DD20534067B8019F1F862640FBC9181F662F5340B7019F1F463826405952EE3EC72953409E4143FF04D725405325CADE52345340F8510DFB3DB92540963B33C1703953407B832F4CA68A2540ED66463F1A355340C443183F8D2B25409A5C8C81753453402CF180B229972440E9633E20D03E53407120240B98702440F6AB00DF6D4A5340CD7344BE4BB12440EA42ACFE0850534093A7ACA6EB812440355F251FBB505340D4EFC2D66CED23409F56D11F9A4A5340799274CDE44B23402426A8E15B5953404D2EC6C03AFE224085B4C6A013515340F71E2E39EE9422408CF678211D5053406AF981AB3C492240F38DE89E754853404AEA043411062240CA64389ECF4F53409964E42CECA92140A883BC1E4C4B534015BF29AC54782140450DA661F85053406C787AA52C13214002F4FBFECD4553400E15E3FC4D982040D5E8D500A53D5340B22FD978B0D52040AD8905BEA227534016139B8F6BB32140AAB9DC60A8165340B55208E412BF2240AC8C463EAF1053407D0569C6A2C123405740A19E3E075340988922A46EAF2440EB6F09C03FFA52402F51BD35B09525409414580053F55240B12FD978B03526406A15FDA199EB5240E17D552E54E6264017D2E1218CE752400AD7A3703DFA2640419B1C3EE9E1524057B3CEF8BE6827405740A19E3ED352409D81919735E127406CCD565EF2D352403FFED2A23E1928402A508BC1C3CE5240060DFD135C0C2840D6E253008CC75240BF29AC5450692840E87E4E417EB75240B8CD548847822940AAD4EC8156C052400D8AE6012C9229405DA3E5400FC3524010E6762FF7512940A359D93EE4CC52405EBD8A8C0E40294091CCEA1D6ED5524011514CDE00FB2840B613252191DB5240B2BB4049819528406EF7729F1CF85240D5E8D500A5E12740543A58FFE7065340BD715298F7F027405952EE3EC70B53401A0E4B033FBA274052465C001A1B5340CD21A98592512740,Kerala
20,,Lakshadweep
28,0106000020E61000000100000001030000000100000004000000546AF6402B9354401D740987DEB630406EFAB31F299354404565C39ACAB63040554FE61F7D905440618BDD3EABB03040546AF6402B9354401D740987DEB63040,Puducherry
29,0106000020E6100000010000000103000000010000002B00000000E2AE5E453153408563963D09E83E405340DAFF003553400803CFBD87C33E40DBFD2AC077345340FDA5457D92AF3E40F38DE89E753A53402650C42286993E40CA52EBFD46355340B55208E4126F3E407651F4C0C7255340B031AF230E413E400B2AAA7EA5275340FB47DFA469183E4054707841441B53409F32FE7DC6253E400D84640113105340B841EDB7761E3E405567B5C01E0C534062F8889812013E4090D8EE1EA00E53402B84D558C2DA3D40F299EC9FA7025340BEDD921CB0BF3D40F5D8960167DC5240F0C4AC1743C93D40ED815660C8CE52403E5E488787C03D402B172AFF5ABF5240A94C310741DB3D409411178046B3524082E49D4319FE3D40CB9D996038A152407CAEB6627FF13D402B323A2009795240ABD4EC8156F83D408066101FD87D5240151E34BBEE313E401BD82AC1E27752402C0B26FE28623E400B2769FE988C5240D93C0E83F9AB3E40A06EA0C03B945240A3AD4A22FBD83E40EA42ACFE08A25240AA251DE560023F40F8F9EFC16BA15240AC730CC85E3F3F40D0B52FA017A9524003780B2428763F40E575C4211BA15240CDE2C5C210B93F40240ED940BAA95240E5E786A6ECE83F402B14E97E4ECF5240276893C3270B404071218FE046D752400C21E7FD7F1E404089E76C01A1D45240950B957F2D2B4040501C40BFEFDD5240E73922DFA52840409641B5C189ED524098C3EE3B86354040A35698BED7F75240F19F6EA0C0494040E76F422102F65240AC014A438D304040A35698BED7E752403C8386FE091E4040EA93DC6113E7524092B1DAFCBF0C4040086F0F4240F95240A5BDC11726F33F4048E00F3FFFFA52409FE925C632D13F406DFDF49F350D534027B682A6254E3F4073486AA1641B5340325019FF3E533F402C4A09C1AA285340BBB376DB85363F406BD3D85E0B2753407EA99F3715013F4000E2AE5E453153408563963D09E83E40,Punjab
2,0106000020E6100000010000000103000000010000004D0000005776C1E09A6053409D6340F67AD72F40FDBD141E345F5340A1DAE044F43F3040F7CC9200356153402DEC6987BF5E3040AE9E93DE37525340BA490C022B673040BE13B35E0C5D5340B3EF8AE07F9B3040C47C7901F65F5340529B38B9DF0131409735B1C05758534055A4C2D842383140F1811DFF056A53401D210379768531403FAA61BF275C5340E99AC937DB94314019C39CA04D5D5340F12DAC1BEFB231407D93A641D16953408D47A98427F83140FF23D3A1D3665340E0F76F5E9C043240344DD87E32635340E9B81AD9954A3240ABD1AB014A65534016DF50F86C71324018B49080D16F5340EAB12D03CE9632400B24287E8C7953405E48878730DE32405C70067FBF705340390B7BDAE10F3340D0B52FA0177653404CE0D6DD3C1D334023F609A018775340F6234564584D3340355F251FBB7C534065C746205E573340116F9D7FBB8B5340A5A487A1D53D3340942F6821018C5340BEA4315A4765334070EEAF1EF7935340D734EF38457733407B336ABE4A925340E7FF55478EB0334072FDBB3E73995340BB46CB811ED633405467B5C01EB65340EEEBC03923C23340DCEBA4BE2CC1534035D252793B8A33409A266C3F19CC5340DAACFA5C6D753340B0C56E9F55D05340F8FC3042789C33408196AE601BDE53406D54A703597F33404F401361C3F153408881AE7D019933409411178046FE5340BA0A293FA966334094DBF63DEAF653406327BC04A71A334001309E4143FB53403368E89FE00A33408D08C6C1A5FB534053008C67D0C83240F4C308E1D1065440D11F9A7972AD3240CC9717601F1154405582C5E1CCB73240755776C1E0155440960854FF2096324091F0BDBF411F5440C6BFCFB870A032400D6FD6E07D285440EDD286C3D28432407B2DE8BD31325440B2101D02473E3240BA10AB3FC23C5440738577B9881F32404D31074147405440C1AA7AF99DD63140261DE560364A5440478E740646DA31400B789961A3585440BA2EFCE07CCE31408CF678211D675440535E2BA1BBD0314049F25CDF87705440F78DAF3DB3E43140598B4F013060544082902C6002973140AED4B320945F54406DCA15DEE5723140B0AA5E7EA7585440B8CB7EDDE95A3140B30A9B012E4C544007B13385CE5331409A0B5C1E6B4A544024B4E55C8A3B3140C05B2041F13954400803CFBD87333140CA8B4CC0AF3454400169FF03AC0931408BC6DADFD92354404BE658DE55233140B804E09F521C544048A643A7E7F130409E29745E63255440631F645930ED3040DF30D12005245440FE5F75E448C3304092CCEA1D6E145440DBBE47FDF5DE3040DB300A82C7105440425BCEA5B8023140501C40BFEF0254402CD49AE61DF73040980E9D9E77FF5340433D7D04FEDC3040E62494BE100354408B8C0E48C2BE30409414580053FC53404D8061F9F3A13040B8E68EFE97F15340C6BE64E3C1BA30409E5F94A0BFCE53406D1B4641F0843040D1E80E6267CE534092AD2EA704403040ABD1AB014AC15340D8648D7A883E3040BE1072DEFFBA5340514CDE00331F304033535A7F4BAF5340D09A1F7F69053040C98E8D40BCA853401D38674469173040490A2C80299153407E350708E6083040C59107228B8F5340BE7FF3E2C4DF2F40084E7D20798653401F477364E5A72F400C54C6BFCF785340A988D349B6CA2F40DB183BE125735340422619390BBB2F405776C1E09A6053409D6340F67AD72F40,Telangana
8,0106000020E610000001000000010300000001000000630000002D0B26FE2800554009C380255785364043C5387F13005540954737C2A25E36400A664CC11AF7544076FC170802583640E754320054E95440F51263997E3936400E4B033FAAE354406B49473998193640CFBEF2203DDC5440022D5DC136A6354089B7CEBF5DD854405F97E13FDD9C35408DD5E6FF55CC5440B7B8C667B2233540E04BE141B3A854402063EE5A422635409E29745E63A354402DCE18E604F13440C267EBE0609554403A58FFE730D734409F6EA0C03B9A544036C98FF81567344081751C3F54995440068195438B0C3440B3EF8AE07FAD5440A86E2EFEB6FB3340DF4BE141B3AC5440DD5ED218ADD33340EA7B0DC1719E54401F11532289E633406BEEE87FB995544039ECBE6378D433409E5F94A0BF9054400D1AFA27B8F833404EF2237EC57B54406F2A52616C1934402C2CB81FF07654404626E0D748E6334021054F215783544084F3A96395CA33409B1DA9BEF3825440F7E7A221E38933407842AF3F898B544012A27C410B553340FCFCF7E0B58954404D4C1762F54333403A950C00558F5440EF5014E813E932407E54C37E4F895440FFAECF9CF5C5324043C879FF1F7D544071CADC7C23AE32409F56D11F9A7C544094861A85248F3240F8E12021CA615440D503E621534232401781B1BE815E54400B93A98251F931400B789961A3585440BA2EFCE07CCE3140261DE560364A5440478E740646DA31404D31074147405440C1AA7AF99DD63140BA10AB3FC23C5440738577B9881F32407B2DE8BD31325440B2101D02473E32400D6FD6E07D285440EDD286C3D284324091F0BDBF411F5440C6BFCFB870A03240755776C1E0155440960854FF20963240CC9717601F1154405582C5E1CCB73240F7C951802816544030682101A3CF3240C558A65F221154407364E597C1FC32404E469561DC185440CEC133A1493E3340F793313ECC2354409B75C6F7C56533407B698A00A726544019E8DA17D04F334000FDBE7FF32F54401E6CB1DB674933400821205F4238544094A46B26DF84334047E9D2BF242E5440442E3883BF9B334030629F008A225440A983BC1E4CC63340A3957B81591F54407651F4C0C7E43340CFA0A17F822154408944A165DD1F34408EB1135E8218544004CAA65CE13D34401CEDB8E17727544062F71DC36353344084BD892139275440B2BCAB1E30973440F6CFD38041225440581CCEFC6AEE3440AF9811DE1E1B54405F5E807D74023540ADA1D45E441D5440CE70033E3F2C354010786000E1285440069CA56439413540C131CB9E042A5440B96E4A79AD543540ED7E15E0BB2E5440EB025E66D8783540A7B05241452D54406F9D7FBBECAB3540B2DAFCBFEA3354408A05BEA25BBF354027F6D03E56355440DE15C1FF56F23540815D4D9EB23A5440D669A4A5F21E3640F2B1BB4049475440B298D87C5C4B36407E7214200A4754408C9C853DED703640C66AF3FFAA545440CA4FAA7D3A8636405019FF3EE358544040FCFCF7E0713640575EF23FF96654402844C02154893640556133C00571544089230F4416AD364087DEE2E13D7154405CCB64389EDF364060CAC0012D7C54402254A9D903F53640E2512AE1097C54403F4D2D5BEB13374064CA87A06A875440265305A3921A374041EF8D21008C5440A2D288997D523740271763601D7E54406AC18BBE826C37404C1938A0A57A5440F67EA31D378837407E8AE3C0AB6E544037F8C264AA9037400F60915F3F675440614F3BFC35A93740BF0D315EF3735440AC1C5A643BCF3740E2033BFE0B80544094DE37BEF6DC374055850662D9A25440CBD765F84FCB37409C1A683EE7A954401CB1169F02E83740815D4D9EB2B35440B32616F88AF63740BBF2599E07BD54400FEECEDA6DDF37408F17D2E121CC54401A506F46CDEB374085CC9541B5D454408B1A4CC3F01938400F48C2BE9DE054408351499D80063840BD1C76DF31E5544010CD3CB9A6DC3740DC2A8881AEEE5440604F3BFC35C137401EC6A4BF97F1544057EBC4E578993740B8162D40DBFB5440FF56B2632390374045B9347EE1FD5440FC36C478CD5F3740B8E00CFE7E045540CD0182397A543740E8667FA0DC015540CC79C6BE64273740A359D93EE40D5540506D7022FAF936404F3DD2E0B61755402C47C8409EF93640C576F700DD0E554000AE64C746B0364022F94A2025055540713C9F01F5A236402D0B26FE2800554009C3802557853640,Chhattisgarh
3,0106000020E61000000100000001030000000200000084000000546AF6402B9354401D740987DEB63040554FE61F7D905440618BDD3EABB03040A8AAD0402C9354401D7233DC8097304014B4C9E1937C544054AC1A84B9653040FFFFFFFFFF6D5440F65CA626C14F304080608E1EBF625440999F1B9AB25B3040960854FF205954407F8461C09257304014B18861874F5440BC8BF7E3F63F30409414580053495440C3F5285C8FF22F40D2C77C40A035544008C4EBFA056B2F407FA2B2614D32544002D53F8864B82F40931117804624544095986725ADB82F402B14E97E4E11544096986725AD582F408066101FD80C5440FC1186014BEE2E402A14E97E4E055440E07D552E54862E405740A19E3E0354407FF0A1444B0E2E40D6A9F23D23075440D89DEE3CF17C2D403FBFEFDFBC0C54403C139A24962C2D40C1374D9F1D08544044BE4BA94B4E2C407E8AE3C0AB0F544055A69883A0A32B4028417FA1470F54403502F1BA7E412B40AA9ECC3FFA0654406E4C4F58E2092B40D8F15F2008145440CADE52CE17DB2A409529E620E80254404944F817410B2B40054EB6813BFB534024D6E25300AC2A4000FDBE7FF3EA5340E50B5A48C0782A40DFFDF15EB5DA5340444E5FCFD7A42A404CFBE6FEEADA5340A2B5A2CD715E2A401E0E12A27CCE5340DA6D179AEB442A402A029CDEC5C95340BEFA78E8BB032A40EC8497E0D4BE534010E9B7AF03272A40F6CFD38041B35340D8BB3FDEAB262A404B1C7920B2A75340A57EDE54A4F2294032569BFF57A3534000AC8E1CE9642940C173EFE192975340F0C4AC174339294032772D211F8E5340E197FA795381294092CCEA1D6E8F534022E3512AE1B12940FD1186014BA053406FF1F09E031B2A408693347F4CA453409F008A91258B2A40993E3BE0BA9653401B84B9DDCBB52A4021054F2157985340ADBD4F55A1292B40C79DD2C1FA8F5340C51EDAC70A262B40D2E5CDE15A895340EA094B3CA04C2B4040C23060C98653401B97715303B52B409835B1C0577A5340BB421F2C63CB2B4052616C21C861534030849CF7FF692B402A3BFDA02E5B534048DC63E943A72B4089B7CEBF5D4F5340EF0390DAC4C92B40A38FF980404253404CDE0033DF892B40EE60C43E013E5340F7B0170AD89E2B404C16F71F99485340603FC4060BFF2B40DE21C500895853409BA9108FC4032C401EE1B4E0455953407E4DD6A887A82C40C158DFC0E45153405A8121AB5B8D2C4040BFEFDFBC49534063096B63ECAC2C40B9FB1C1F2D4353407009C03FA57A2C401572A59E053C5340672AC423F17A2C407C8159A1483753401FB8CA1308F32C40C14CDBBFB2305340CD7344BE4B312D409B560A815C35534012ACAA97DF912D40B6D782DE1B385340F9298E03AF0E2E4093E1783E03475340DD5B9198A00E2E40FEEDB25F774953408AE5965643922E40CDCAF6216F42534076C93846B2B72E40889FFF1EBC415340A779C7293A422F4094DBF63DEA445340DFB9F770C9D12F40C89A9141EE4F5340A11342075DEA2F405776C1E09A6053409D6340F67AD72F40DB183BE125735340422619390BBB2F400C54C6BFCF785340A988D349B6CA2F40084E7D20798653401F477364E5A72F40C59107228B8F5340BE7FF3E2C4DF2F40490A2C80299153407E350708E6083040C98E8D40BCA853401D3867446917304033535A7F4BAF5340D09A1F7F69053040BE1072DEFFBA5340514CDE00331F3040ABD1AB014AC15340D8648D7A883E3040D1E80E6267CE534092AD2EA7044030409E5F94A0BFCE53406D1B4641F0843040B8E68EFE97F15340C6BE64E3C1BA30409414580053FC53404D8061F9F3A13040E62494BE100354408B8C0E48C2BE3040980E9D9E77FF5340433D7D04FEDC3040501C40BFEF0254402CD49AE61DF73040DB300A82C7105440425BCEA5B802314092CCEA1D6E145440DBBE47FDF5DE3040DF30D12005245440FE5F75E448C330409E29745E63255440631F645930ED3040B804E09F521C544048A643A7E7F130408BC6DADFD92354404BE658DE55233140CA8B4CC0AF3454400169FF03AC093140C05B2041F13954400803CFBD873331409A0B5C1E6B4A544024B4E55C8A3B3140B30A9B012E4C544007B13385CE533140B0AA5E7EA7585440B8CB7EDDE95A3140AED4B320945F54406DCA15DEE5723140598B4F013060544082902C600297314049F25CDF87705440F78DAF3DB3E431406DE525FF93815440AD174339D10E3240B5C2F4BD86955440B2683A3B190C3240CC9717601F975440A94D9CDCEF683240E9633E20D09E54404E7ADFF8DA833240E23C9CC074A6544007ABB184B55D32403695456117B154407364E597C1543240583A1F9E25B3544008CC43A67C703240A78FC01F7EBE54403CF54883DB5A32409411178046C35440A94D9CDCEF883240BD0166BE83C05440954737C2A29632401EA8531EDDCB54401E8CD82780BE32407521567F84D954408044132862D532402E5393E00DD45440BD4C142175F73240702711E15FDE54407EC3448314003340DC2A8881AEE654402FBFD364C6173340B7EC10FFB0F75440B610E4A084D13240A1866F61DD05554029B4ACFBC7BE3240C04010204315554008AEF204C2CA324012691B7FA22055407DE882FA96093340C131CB9E042E554090847D3B89183340ED7E15E0BB2E55402A560DC2DC163340CCACA580B4305540F6CFD38041123340149337C0CC165540D03FC1C58A8E32402A1DACFF73045540999CDA19A6463240EB909BE106F054403FFED2A23E2132406DCA15DEE5DC5440EAC9FCA36FE63140FD261422E0D5544092B06F2711B931406CEBA7FFACCA54403E07962364903140566133C005AD544047ACC5A700583140FF058200199C544040FB9122322C314041D7BE805E9354401BEA77616B0A314012A27C410B905440392861A6EDE7304068AF3E1EFA9654408172DBBE47D93040546AF6402B9354401D740987DEB63040040000003EB0E3BF409554405725917D90B93040ABB35A608F905440209C4F1DABB03040776000E143925440056A317898B230403EB0E3BF409554405725917D90B93040,Andhra Pradesh
4,0106000020E61000000100000001030000000100000055000000D3DC0A6135CF5740058A58C4B0AF3A40FA027AE1CECB57408599B67F65DD3A40E1F1ED5D83CC5740FB5C6DC5FE0A3B402C62D8614CDD57402AFF5A5EB9223B409A081B9E5EDD574003392861A6353B40B1F84D61A5FD5740AE9B525E2B513B40DF12807F4AFE57402B8716D9CE6F3B40CD94D6DF12F35740168733BF9A9B3B404F04711E4EF157408E23D6E253B83B403383F8C08EFE57400D2DB29DEFF73B40EC8497E0D4E65740641F645930F53B407A51BB5F05E157405701BEDBBCE13B404910AE8042D4574081902C6002DF3B4088D51F6118B757402B14E97E4EBD3B40B1E07EC003A05740FE9E58A7CA933B409B594B016992574030116F9D7F973B402C4A09C1AA735740EBC9FCA36F263B40C443183F8D7557403F1F65C405143B408690F3FE3F6B57401018EB1B98F83A403080F0A1445657403622180797F63A4069DFDC5F3D415740DEFDF15EB5EA3A4081B4FF01D6375740DF2D90A0F8013B40CC9A58E02B2A57408F352383DC093B406B0C3A2174255740813B50A73CF63A40782AE09EE7065740BF823463D1E43A40FE209221C7015740431669E21D143B40F1BDBF417B045740942F682101473B4097530262120157408542041C42753B4078245E9ECEE95640E1968FA4A47B3B40280EA0DFF7E35640640795B88E953B401BD5E940D6EA5640FA27B85851DB3B409F6EA0C03BF85640D4F19881CAB83B40FAD2DB9F8B0357409869FB5756C23B401C96067E5410574002A08A1BB7DC3B40B4CBB73EAC1357402BBCCB457CC73B403FC8B260E2235740D6AC33BE2FD23B404C3448C1532F5740DA5548F949FD3B401B9C887E6D2A57402023A0C211103C408CF678211D32574031EF71A6092F3C40F5D89601674157407B0E2C47C84C3C40D6D9907F664C574081C98D226B513C40EE9062804455574017213CDA38A23C40042159C0047657407784D38217B53C40AA9B8BBFED895740AB764D486BF43C40B6EF517FBD8D57400DF450DB86153D40D6E59480989B57406803B001113A3D4026DE019EB4A3574033BA83D8993A3D40096CCEC133A8574010AE80423D593D408063CF9ECBB75740D7FA22A12D2F3D40000341800CD05740067C7E18211C3D4020D5B0DF13DD57400F3FFF3D78093D40C89750C1E1E257403A58FFE730373D403CA1D79FC4F157405E4BC8073D5B3D40A35C1ABFF0055840CCE9B298D8743D402B2FF99FFC0E584058E20165533E3D4037A79201A0095840A51309A69A0D3D405E6743FE990E5840B328ECA2E8ED3C40359BC76130165840B3ACFBC742083D40A1478C9E5B215840ADC5A70018F73C40F4DE180280255840A12FBDFDB9B83C40C3499A3FA61958406440F67AF78F3C40B7EF517FBD17584014D044D8F0643C402502D53F882A5840DB6CACC43C773C40ABB35A608F315840CC61F71DC35F3C40E2218C9FC63F58403BFBCA83F4503C40B6D4415E0F4858405E2EE23B315B3C40EB8D5A61FA575840E5F1B4FCC0393C40701E4E603A585840465ED6C402EB3B4046CB811E6A505840BCB20B06D7E83B40839CF7FF71395840984A3FE1EC9E3B40E3361AC05B3A58409B90D61874763B40C05E61C1FD4A584009C4EBFA05233B40F9C08EFF02445840949F54FB741C3B40793C2D3F70375840965643E21E333B407FA5F3E15933584047B071FDBB5A3B40542E54FEB5275840734BAB21715F3B40E61E12BEF7215840A3923A014D4C3B4048E00F3FFF0E5840D4484BE5ED483B40F7A57EDE540258401C59F96530323B40F6CFD38041FD5740E1EEACDD76113B40701B0DE02DF45740CF488446B0053B4000E5EFDE51F057404C6E14596BE83A407B4B395FECE2574066A032FE7DD63A408FC6A17E17DB574013BBB6B75BB23A40D3DC0A6135CF5740058A58C4B0AF3A40,Arunachal Pradesh
5,0106000020E61000000100000001030000000100000050000000E1F1ED5D83CC5740FB5C6DC5FE0A3B40109370218FC557408F8653E6E6F33A40A27DACE0B7B85740A3CB9BC3B5EE3A40BA25396057B35740C09481035ACE3A40FDD8243FE2A2574096B1A19BFDB53A409E7763416199574009A52F849C873A40C74CA25EF08B5740207BBDFBE3753A4046B6F3FDD4805740BEDD921CB02F3A40A359D93EE47E57401344DD0720ED3940E42D573F366D57409CF86A4771DA3940CEC474215655574034D1E7A38C8C39406ADFDC5F3D5D57409A779CA22371394069E55E60565E5740904E5DF92C4F3940740305DEC94F574092B06F27110139400727A25F5B4C57407905A22765CE38407E4E417E364757402F8672A25DCD3840B8FE5D9F3946574042942F6821953840D8F15F2008405740DA6CACC43C673840ACA1D45E442C57408D9B1A683E5B3840AEB9A3FFE5215740DE4E22C2BF2C3840D9EE1EA0FB1257400D6C95607140384087A2409FC80E57403B35971B0C81384018963FDF161357400AD6389B8EBC3840B1FB8EE1B10F57401A2FDD2406E938403F8F519E791F574009FCE1E7BFDF38402C11A8FE411B5740D55B035B25083940ADD4B3209421574079758E01D923394064B2B8FFC8275740DDB419A7211E3940158DB5BFB3325740E78EFE976B493940C3499A3FA61A574080B8AB5791BD3940F7C95180280F5740DDC7D11C59B539407A724D81CC095740F2D24D6210D0394092205C0185085740452E3883BF0B3A404AEF1B5F7BE45640EA42ACFE08073A4024F0879FFFDD56406B48DC63E9DB39409411178046D556402254A9D903D53940E754320054CE5640164ED2FC31B939402B14E97E4EBD5640005471E316EF39404F58E20165AF564080F0A1444BEA394094F3C5DE8B9E56407DE71725E8033A405E82531F488756403AEAE8B81AF53940816F9A3E3B795640D15790662CBA3940A1681EC02280564076A6D0798D953940C98B4CC0AF77564083C30B22528B394030293E3E217456406F7CED9925D13940DFFDF15EB5785640E6E5B0FB8EF1394041EF8D21006E5640F390291F822A3A40A77A32FFE86D56400E66136058423A40D6C743DFDD765640C29E76F86B623A408066101FD8765640D18BDAFD2AB43A4061C43E01148C56403C2EAA4544C53A40C26D6DE1798E5640791EDC9DB5DB3A4066BE839F389A5640BB9BA73AE4E63A4042B3EBDE8AA9564007EA944737C63A407F81204086D55640D042024697C73A40E460360186EE56400A12DBDD03D03A404B3ACAC16CF956406DE2E47E87EA3A40782AE09EE7065740BF823463D1E43A406B0C3A2174255740813B50A73CF63A40CC9A58E02B2A57408F352383DC093B4081B4FF01D6375740DF2D90A0F8013B4069DFDC5F3D415740DEFDF15EB5EA3A403080F0A1445657403622180797F63A408690F3FE3F6B57401018EB1B98F83A40C443183F8D7557403F1F65C405143B402C4A09C1AA735740EBC9FCA36F263B409B594B016992574030116F9D7F973B40B1E07EC003A05740FE9E58A7CA933B4088D51F6118B757402B14E97E4EBD3B404910AE8042D4574081902C6002DF3B407A51BB5F05E157405701BEDBBCE13B40EC8497E0D4E65740641F645930F53B403383F8C08EFE57400D2DB29DEFF73B404F04711E4EF157408E23D6E253B83B40CD94D6DF12F35740168733BF9A9B3B40DF12807F4AFE57402B8716D9CE6F3B40B1F84D61A5FD5740AE9B525E2B513B409A081B9E5EDD574003392861A6353B402C62D8614CDD57402AFF5A5EB9223B40E1F1ED5D83CC5740FB5C6DC5FE0A3B40,Assam
6,0106000020E610000001000000010300000001000000500000004B22FB20CB065640E4F38AA71E893A4013B4C9E1930F5640620FED6305733A40ED48F59D5F0E564060764F1E164A3A40F699B33EE5F555401B4B581B630B3A40FDF9B660A9F45540B282DF8618DF3940FDC0559E40035640699082A790AF3940355F251FBB015640A1DB4B1AA38D394069E55E6056F2554017B7D100DE723940C53A55BE67F2554055185B087238394033535A7F4BE45540C26D6DE179553940EB6F09C03FDE554091291F82AA3D39407A6CCB80B3D455402C08E57D1C393940BF28417FA1D2554090831266DA1639404F04711E4ECB5540384A5E9D63103940399B8E006EC955400BCF4BC5C6DC3840AEBCE47FF2C45540BAB88D06F0CE38400936AE7FD7C25540AEB0E07EC09F3840FBC9181F66A65540103FFF3D789938400B2769FE989A5540F05014E813613840BE2EC37FBA9255403C8386FE0996384060730E9E09885540EA094B3CA09C384025E1421EC18655404DD6A88768BC3840B2D47ABFD17C5540BDC799266CBB38406F0F4240BE715540A223B9FC87CC38408DCF64FF3C6A55404DA1F31ABBAC384066A3737E8A6A5540B08F4E5DF994384010786000E1515540865AD3BCE38438402D26361FD74A5540F59CF4BEF16D38404E4354E1CF395540E9F010C64F5F3840FBCC599F723455406649809A5A863840B3B6291E171D554057CA32C4B15638400B7558E19614554051F4C0C7607D3840C05E61C1FD02554056B3CEF8BE9C3840B1D7BB3FDEED54407D1D38674481384063B83A00E2DF54409E077767ED863840AFEC82C135E254408862F206989D3840A9BF5E61C1D854407EDE54A4C2C838407A6CCB80B3D45440E481C8224D0C3940E10CFE7E31DA5440A0832EE1D03F3940E52494BE10F254407EF78E1A13663940198D7C5EF1FA5440FC36C478CD8F39407F69519FE40D55408F8CD5E6FFA93940D3F4D901D714554051D9B0A6B2BC3940BE13B35E0C215540132C0E677EAD3940567F8461C027554097A8DE1AD8CA3940C8940F41D5215540BB5B59A2B3E03940DEFAB0DEA81255406D73637AC2F23940F4A8F8BF23035540E560360186193A405F79909E2200554054A9D903AD303A40CD94D6DF120A554050DF32A7CB423A40910BCEE0EF035540C476F700DD633A40A583F57F0E0355405ABC5818228B3A409A3E3BE0BA095540FA7E6ABC74A33A404A253CA1D7145540C00644882BAF3A40DD274701A20E5540D8BB3FDEABDE3A40E7543200540355407CCF488446E43A4065E256410CFF5440739F1C05882E3B40F59CF4BEF1F65440852348A5D8593B400745F300160755409A5FCD0182853B405952EE3EC71255402096CD1C92623B40F3CCCB61F727554055DFF94509563B40EF906280442C5540A10BEA5BE6383B40A7B05241452955402578431A150C3B40FE0E45813E4C55409C89E942ACDE3A4080812040865555408BC3995FCDBD3A40E34EE960FD66554014268C6665DB3A40105A0F5F266F5540A12C7C7DADCB3A408FFCC1C0736E5540DE550F9887AC3A40BC07E8BE9C7655408463963D099C3A408DEDB5A0F7815540BD55D7A19AAA3A401EF64201DB9355401F4B1FBAA09E3A40AEBCE47FF2AF55400297C79A916D3A408369183E22C15540B285200725883A4045D4449F8FCA5540FE99417C60673A40AE9E93DE37D455407CED9925015E3A401572A59E05DE55403F1D8F19A8703A400612143FC6E555408908FF2268643A40F7AE415F7AF65540AD0E80B8AB6F3A40CBB8A981E601564043588D25AC613A404B22FB20CB065640E4F38AA71E893A40,Bihar
9,0106000020E610000001000000010300000001000000060000008066101FD84D5240AB1C5A643B1F3440D500A5A146405240598B4F01301E3440DAC70A7E1B3E5240ADF545425B36344042B3EBDE8A3C524050AA7D3A1E4B3440B0C56E9F554B5240E1C96E66F44F34408066101FD84D5240AB1C5A643B1F3440,Dadra and Nagar Haveli
10,0106000020E61000000100000001030000000100000009000000774B72C0AEB65140027CB779E3C03440F9DB9E20B1B65140A8E0F08288C0344068CD8FBFB4B751408A03E8F7FDB73440AD8905BEA2B75140E8DB82A5BAB43440AC8905BEA2AF51409C8A54185BB834405567B5C01EAB51406669A7E672C33440A36E675F79B1514075E5B33C0FF63440D4B5F63E55B851400249D8B793F43440774B72C0AEB65140027CB779E3C03440,Daman and Diu
11,0106000020E610000001000000010300000001000000080000007427D87F9D55534026A5A0DB4B823C4091239D81914E53402654707841783C402A14E97E4E3553408BA8893E1F953C4066A3737E8A3C5340F86F5E9CF8AE3C40ADF204C24E3C5340D772672618D23C40E86C01A1F54B5340298D98D9E7DD3C4070EEAF1EF75453402C08E57D1CB13C407427D87F9D55534026A5A0DB4B823C40,Delhi
12,0106000020E6100000010000000103000000010000000D000000271422E010885240E9D495CFF24C2F40CDC4742156905240AD6EF59CF44E2F40C53A55BE67905240D1798D5DA2FA2E403BA759A0DD9552401AF8510DFB952E40990E9D9E778F524031992A1895E42D40293E3E213B86524073BC02D193CA2D40AC8C463EAF7C5240E947C329734B2E40AAD4EC8156765240B727486C77E72E40960854FF207152405DA27A6B60FB2E4014B18861876B5240745776C1E0722F40063065E0807C52406E8786C5A87B2F40C879FF1F278052407520EBA9D5372F40271422E010885240E9D495CFF24C2F40,Goa
13,0106000020E61000000100000001030000000100000074000000AAB9DC60A8945240E7C072840C10374043E048A0C19D52404A97FE25A9D036403065E08096985240CDAFE600C1A43640DE03745FCE91524008E57D1CCDA536407D5D86FF74855240656D533C2E8236400E66136058895240F86BB2463DF43540F3CCCB61F7745240D158FB3BDBCF3540336E6AA0F978524063EFC517EDB535403CA1D79FC4745240798EC87729993540B2B6291E17775240C89A9141EE7E354088B7CEBF5D845240514CDE00338F3540A27A6B60AB9252404CA088450C8F3540E63C635FB2935240D027F224E97A3540FEF33460907D524006BB61DBA264354088BD50C0766F5240A6D590B8C72A3540388600E0D86F52407C7E18213C0A354047C8409E5D795240A3224E27D9EE3440992CEE3F327C5240DB334B02D4C43440D9E89C9FE26F5240FE0E45813E9134406C06B8205B5D524053E9279CDDB63440347D76C0755E5240ACDD76A1B97E344095F3C5DE8B5A52401E1A16A3AE61344048C5FF1D515B524070D234289A3334408066101FD84D5240AB1C5A643B1F3440B0C56E9F554B5240E1C96E66F44F344042B3EBDE8A3C524050AA7D3A1E4B3440DAC70A7E1B3E5240ADF545425B3634402C0E677E352F5240E8A04B38F42234406DE525FF933452401E335019FF5E3440000341800C37524003B16CE69078344096ED43DE7239524009C4EBFA0593344016A243E048325240D52137C30DEC344096236420CF2C52406CC7D45DD91935409605137F14285240932F682101173540D5CDC5DFF6255240D89AADBCE44F354029232E008D2A5240FB95CE87676D3540809C30613428524084D89942E79D3540809F71E14021524055A3570394B63540D4B837BF6124524041EC4CA1F3D23540AA7AF99D2620524014268C6665EF35409702D2FE0723524083FA96395D26364041B96DDFA31A5240C007AF5DDA4836406BF12900C6145240A8E331039525364096EA025E6610524028D4D347E0E33540C02500FF94135240C18C2958E3A03540C2340C1F110F5240FE7DC68503753540C2340C1F1103524053CBD6FA22293540AA9B8BBFEDE151402FC03E3A75F134409641B5C189C95140B03BDD79E2C13440AAB69BE09BBD5140834A5CC7B8BA34406BD619DF17B95140505260014CB534407C96E7C1DDB8514046D1031F83B534406AFAEC80EBB751409CC0745AB7B534406AFAEC80EBB75140427A8A1C22BA3440774B72C0AEB65140027CB779E3C03440D4B5F63E55B851400249D8B793F43440A36E675F79B1514075E5B33C0FF634405567B5C01EAB51406669A7E672C33440C170AE6186945140FB95CE8767ED3440ED48F59D5F86514012C0CDE2C51A3540C022BF7E8866514091B6F1272AA335405567B5C01E4F5140913EADA23FF0354069FD2D01F83C51408109DCBA9B3F36401681B1BE81405140ECD973999A7036407FA2B2614D4E51401A1538D906423640BF4692205C6151401157CEDE19613640BF49D3A06866514041834D9D4759364044C2F7FE067851406C3997E2AA723640E8818FC18A7C5140ABD1AB014A873640817B9E3F6D8A5140ECBAB722318D3640AAB9DC60A8965140A855F48766DE36406CEBA7FFAC8E5140008BFCFA21FA3640AA92C83EC88651401AFCFD62B6E836402A1A6B7F67775140B9DA8AFD65DF3640D6C1C1DEC46D51407FF6234564C0364000E5EFDE515E5140E76F422102C63640BF28417FA14C514058AD4CF8A5D636401590F63FC02951402B4D4A41B727374096ED43DE72255140E590D442C938374012842BA0501F5140056A317898A23740BF3DCF9F362651406E4F90D8EED63740D5D00660032351400EF7915B93F6374042EC4CA1F32F5140643F8BA548F63740DD09F65FE7305140F9122A38BC48384064B2B8FFC84C51404A0D6D00363C38405437177FDB53514016325706D5463840669DF17D71665140AD4A22FB20473840941799805F6E5140B2A03028D32C3840A69201A08A815140C07ADCB75A2B384089D2DEE00B87514080BA8102EF4838402C23F59ECAA45140AB048BC3996B38406D1E87C1FCA551404014CC98823D3840EB54F99E91B35140AAEFFCA20439384049DA8D3EE6BF5140D2E28C614E5C38402B323A2009C051408A56EE0566993840FB05BB61DBC651405CFDD8243FAE3840C9737D1F0ED3514070B54E5C8E9B3840FDC0559E40DF51407B60C77F81AC3840DF15C1FF56EA51400FD594641DA23840D3DC0A6135F25140A1A2EA573AAB38408CDB68006F05524009664CC11AA738401CCF6740BD1D52402A8C2D0439683840E53C635FB2225240A4C343183F81384021C9ACDEE12E524043FE99417C5C38408BE1EA00884B524036B05582C55938407B336ABE4A455240006A6AD95A2F384094145800534E5240C9C7EE02251938406EDFA3FE7A5A5240E3D6A4DB120D3840C34659BF9959524093C83EC8B2C837408DD2A57F496A5240ED9C6681769F3740B9E00CFE7E68524077F01307D0733740041BD7BFEB7452406E8B321B64723740A06EA0C03B795240C634D3BD4E563740B3B6291E178252405BD3BCE314553740910E0F61FC8F5240B2976DA7AD2D3740AAB9DC60A8945240E7C072840C103740,Gujarat
14,0106000020E6100000010000000103000000010000003D00000009336DFFCA6453406CA818E76F623E40F390291F825A5340D2393FC5711C3E40D2E28C614E515340B1169F02600C3E400D6FD6E07D4B5340D331E719FBE63D40CDCAF6216F455340FE78AF5A99883D408EE733A0DE495340666A12BC21513D40828DEBDFF5475340BBEF181EFB193D4085CC9541B54D53408B15359886013D40E86C01A1F54B5340298D98D9E7DD3C40ADF204C24E3C5340D772672618D23C4066A3737E8A3C5340F86F5E9CF8AE3C402A14E97E4E3553408BA8893E1F953C4091239D81914E53402654707841783C407427D87F9D55534026A5A0DB4B823C40DD09F65FE75B534066A032FE7D6E3C409E7AA4C16D625340CA198A3BDE303C402E3201BF465E5340EDF0D7648D1A3C404C2EC6C03A61534087C3D2C08FEE3B4004392861A65153401B9FC9FE79CE3B4018CC5F2173425340B058C345EED13B40D5C743DFDD385340D9CD8C7E34B83B405E64027E8D3D5340A643A7E7DD243C4033897AC1A7325340C08EFF0241283C4063CDC82077225340989EB0C4030A3C4061C1FD800717534027DE019EB4243C4079758E01D90953402444F98216FE3B404E2B85402E0D5340C55565DF15D93B409E7AA4C16DFE5240F623456458DD3B400F5A0F5F26FD52407784D38217FD3B403259DC7F6403534036C8242367393C401AE1ED4108FB5240D82AC1E2705E3C40D903ADC090E352401B62BCE6559D3C40051555BFD2DB52400B0BEE073C043D408CF678211DD752406BC18BBE82243D40E012807F4AD852408D6665FB90433D4048E00F3FFFC4524088F4DBD7813B3D4069E55E6056BB52409DD843FB585D3D404AEF1B5F7BA452403F027FF8F9673D40E63FA4DFBEA65240FFCF61BEBCC03D40CB9D996038A152407CAEB6627FF13D409411178046B3524082E49D4319FE3D402B172AFF5ABF5240A94C310741DB3D40ED815660C8CE52403E5E488787C03D40F5D8960167DC5240F0C4AC1743C93D40F299EC9FA7025340BEDD921CB0BF3D4090D8EE1EA00E53402B84D558C2DA3D405567B5C01E0C534062F8889812013E400D84640113105340B841EDB7761E3E4054707841441B53409F32FE7DC6253E400B2AAA7EA5275340FB47DFA469183E407651F4C0C7255340B031AF230E413E40CA52EBFD46355340B55208E4126F3E40F38DE89E753A53402650C42286993E40DBFD2AC077345340FDA5457D92AF3E405340DAFF003553400803CFBD87C33E4000E2AE5E453153408563963D09E83E4082AE7D01BD395340340EF5BBB0E53E40F7E461A1D64053405ED4EE5701BE3E407C45B75ED34953408311FB0450B03E404CFE277FF74C53408DEDB5A0F77A3E4009336DFFCA6453406CA818E76F623E40,Haryana
15,0106000020E6100000010000000103000000010000003100000069E21DE0499A5340ACFE08C3804140402D5C566133A1534050340F6091354040847EA65EB79D5340FF4124438E23404066BB421F2CAF53404A404CC285004040753FA7203FAC5340174850FC18CB3F40041BD7BFEBB45340AD2EA704C4A03F406EFAB31F29AE53400DBDC5C37B8A3F401793FE5E0ABA534042739D465A423F4021C9ACDEE1B25340305F5E807D343F40A165DD3F169E5340FD86890629343F40DD274701A2975340577C43E1B3493F401CCF6740BD79534004EB387EA8283F40096F0F42407053409653026212FA3E4088D860E124725340F71DC3633FDF3E40DC12B9E00C6C5340F272D87DC7C43E409829ADBF25735340FF774485EA823E402A323A20096453401C8F19A88C673E4009336DFFCA6453406CA818E76F623E404CFE277FF74C53408DEDB5A0F77A3E407C45B75ED34953408311FB0450B03E40F7E461A1D64053405ED4EE5701BE3E4082AE7D01BD395340340EF5BBB0E53E4000E2AE5E453153408563963D09E83E406BD3D85E0B2753407EA99F3715013F402C4A09C1AA285340BBB376DB85363F4073486AA1641B5340325019FF3E533F406DFDF49F350D534027B682A6254E3F4048E00F3FFFFA52409FE925C632D13F40086F0F4240F95240A5BDC11726F33F40EA93DC6113E7524092B1DAFCBF0C4040A35698BED7E752403C8386FE091E4040E76F422102F65240AC014A438D304040A35698BED7F75240F19F6EA0C04940406EF7729F1CFB5240B537F8C26452404073309B00C3FB5240EDBAB72231714040ADBF2500FF0553404489963C9E804040D6AC33BE2F0F5340CC9A58E02B84404062D68BA19C1853409B594B0169974040E3512AE109235340F4C308E1D19A40409605137F143353406B2A8BC22E96404019AE0E80B83A5340BF4351A04F844040FF1D51A1BA4853407100FDBE7F7D40409C35785F95545340FB3E1C2444694040E736E15E996D5340FC170802647C4040774EB340BB705340C24CDBBFB26E4040033FAA61BF7A53401BD82AC1E26040403480B740827E53407E9065C1C44B4040336B2920ED925340529D0E643D5B404069E21DE0499A5340ACFE08C380414040,Himachal Pradesh
17,0106000020E61000000100000001030000000100000055000000C53A55BE67F2554055185B0872383940B3EC496073F1554058198D7C5E193940B2F2CB608CFD55406458C51B99EF384052103CBEBDF55540F73B1405FABC38401893FE5E0AF355400F27309DD66138408CB7955E9BEB5540BF64E3C1163F3840AA92C83EC8DF554017D86322A51D3840ED66463F1ADC5540893C49BA66FA374092205C0185C955400CE4D9E55BCB3740C36169E047B955401E15FF7744E137401DCC26C0B0B255406440F67AF7AF3740A46E675F799C554043588D25ACA137407521567F849655406A696E85B0763740C367EBE0608E5540738577B9886F37406AF7AB00DF885540810871E5EC9137408D08C6C1A58255402FDD2406817D37405DA0A4C0027755403719558671733740973B33C1707555406587F8872D313740D097DEFE5C825540E960FD9FC32437408E058541998D5540A089B0E1E9FD3640A489778027995540DD7C23BA67F9364077483140A29A55401615713AC9C63640B0C8AF1F62B05540EC12D55B03933640F9C08EFF02B655409638F240646536402920ED7F80B4554055FA0967B74236406D00362042AE55408687307E1A373640EFAEB321FF9F55407B8159A1485736402D0B26FE289B554095B6B8C6674E3640F7AB00DF6D9255400EF62686E46C3640126058FE7C86554068226C787A7D36406803B001117E55404ED026874F3E3640BB0D6ABFB58155408E7747C66A2F3640D6FD63213A7955409CF86A4771FA35405740A19E3E57554056F146E691273640BA2EFCE07C4D55405ED72FD80D0B364090D8EE1EA0415540228D0A9C6C273640DBDFD91EBD465540B48EAA26884A36400403081F4A4355405F0CE544BB7A36408DD5E6FF553855409C1A683EE76A3640271763601D2055404C689258526A3640D9D0CDFE401B5540FC3559A31E5A36402E3BC43F6C0C5540064B75012F5F36402D0B26FE2800554009C380255785364022F94A2025055540713C9F01F5A23640C576F700DD0E554000AE64C746B036404F3DD2E0B61755402C47C8409EF93640A359D93EE40D5540506D7022FAF93640E8667FA0DC015540CC79C6BE64273740B8E00CFE7E045540CD0182397A54374045B9347EE1FD5440FC36C478CD5F3740B8162D40DBFB5440FF56B263239037401EC6A4BF97F1544057EBC4E578993740DC2A8881AEEE5440604F3BFC35C13740BD1C76DF31E5544010CD3CB9A6DC37400F48C2BE9DE054408351499D8006384085CC9541B5D454408B1A4CC3F0193840C1525DC0CBDB5440F34E05DCF3583840C779FF1F27D954400E15E3FC4D80384063B83A00E2DF54409E077767ED863840B1D7BB3FDEED54407D1D386744813840C05E61C1FD02554056B3CEF8BE9C38400B7558E19614554051F4C0C7607D3840B3B6291E171D554057CA32C4B1563840FBCC599F723455406649809A5A8638404E4354E1CF395540E9F010C64F5F38402D26361FD74A5540F59CF4BEF16D384010786000E1515540865AD3BCE384384066A3737E8A6A5540B08F4E5DF99438408DCF64FF3C6A55404DA1F31ABBAC38406F0F4240BE715540A223B9FC87CC3840B2D47ABFD17C5540BDC799266CBB384025E1421EC18655404DD6A88768BC384060730E9E09885540EA094B3CA09C3840BE2EC37FBA9255403C8386FE099638400B2769FE989A5540F05014E813613840FBC9181F66A65540103FFF3D789938400936AE7FD7C25540AEB0E07EC09F3840AEBCE47FF2C45540BAB88D06F0CE3840399B8E006EC955400BCF4BC5C6DC38404F04711E4ECB5540384A5E9D63103940BF28417FA1D2554090831266DA1639407A6CCB80B3D455402C08E57D1C393940EB6F09C03FDE554091291F82AA3D394033535A7F4BE45540C26D6DE179553940C53A55BE67F2554055185B0872383940,Jharkhand
18,0106000020E61000000100000001030000000100000071000000344DD87E32635340E9B81AD9954A3240FF23D3A1D3665340E0F76F5E9C0432407D93A641D16953408D47A98427F8314019C39CA04D5D5340F12DAC1BEFB231403FAA61BF275C5340E99AC937DB943140F1811DFF056A53401D210379768531409735B1C05758534055A4C2D842383140C47C7901F65F5340529B38B9DF013140BE13B35E0C5D5340B3EF8AE07F9B3040AE9E93DE37525340BA490C022B673040F7CC9200356153402DEC6987BF5E3040FDBD141E345F5340A1DAE044F43F30405776C1E09A6053409D6340F67AD72F40C89A9141EE4F5340A11342075DEA2F4094DBF63DEA445340DFB9F770C9D12F40889FFF1EBC415340A779C7293A422F40CDCAF6216F42534076C93846B2B72E40FEEDB25F774953408AE5965643922E4093E1783E03475340DD5B9198A00E2E40B6D782DE1B385340F9298E03AF0E2E409B560A815C35534012ACAA97DF912D40C14CDBBFB2305340CD7344BE4B312D407C8159A1483753401FB8CA1308F32C401572A59E053C5340672AC423F17A2C40B9FB1C1F2D4353407009C03FA57A2C4040BFEFDFBC49534063096B63ECAC2C40C158DFC0E45153405A8121AB5B8D2C401EE1B4E0455953407E4DD6A887A82C40DE21C500895853409BA9108FC4032C404C16F71F99485340603FC4060BFF2B40EE60C43E013E5340F7B0170AD89E2B40A38FF980404253404CDE0033DF892B4089B7CEBF5D4F5340EF0390DAC4C92B402A3BFDA02E5B534048DC63E943A72B4052616C21C861534030849CF7FF692B409835B1C0577A5340BB421F2C63CB2B4040C23060C98653401B97715303B52B40D2E5CDE15A895340EA094B3CA04C2B40C79DD2C1FA8F5340C51EDAC70A262B4021054F2157985340ADBD4F55A1292B40993E3BE0BA9653401B84B9DDCBB52A408693347F4CA453409F008A91258B2A40FD1186014BA053406FF1F09E031B2A4092CCEA1D6E8F534022E3512AE1B1294032772D211F8E5340E197FA79538129408F17D2E1218453409A3DD00A0CA92940F7E461A1D67453409D2E8B89CDB72940F2CF0CE2037053405E2C0C91D35F2940A2410A9E42665340E7525C55F63D29402D1A321EA5665340C7DADFD91EB52840CCB22781CD5D53403483F8C08E6728401F0E12A27C6E5340F6EE8FF7AA5528407D7555A016715340F25EB532E13728409E7DE5417A6A5340D5CA845FEAE7274044F81741635F5340EB909BE106DC2740EF75525F965B5340E1D231E7198B2740EC4E779E784F534042B28009DC9A2740FB05BB61DB445340CBBC55D7A17227408AE42B8194395340BABE0F0709912740177E703E75365340DC80CF0F23342740B0CBF09F6E235340EF2076A6D039274052465C001A1B5340CD21A985925127405952EE3EC70B53401A0E4B033FBA2740543A58FFE7065340BD715298F7F027406EF7729F1CF85240D5E8D500A5E12740B613252191DB5240B2BB40498195284091CCEA1D6ED5524011514CDE00FB2840A359D93EE4CC52405EBD8A8C0E4029405DA3E5400FC3524010E6762FF7512940AAD4EC8156C052400D8AE6012C922940E87E4E417EB75240B8CD548847822940ABB35A608FB45240693524EEB1B42940AC8C463EAFAC5240999658198DB42A406CD097DEFEA652404512BD8C62B92B403ECBF3E0EEA05240295C8FC2F5F82B4002D9EBDD1F9E5240D8942BBCCB5D2C402B323A2009925240D09B8A54185B2D40583A1F9E2589524043BE4BA94B8E2D40293E3E213B86524073BC02D193CA2D40990E9D9E778F524031992A1895E42D403BA759A0DD9552401AF8510DFB952E40C53A55BE67905240D1798D5DA2FA2E40CDC4742156905240AD6EF59CF44E2F40271422E010885240E9D495CFF24C2F40355F251FBB8A5240550E2DB29D7F2F40357D76C0759652402C26361FD7862F409C1727BEDA9B524064DF15C1FFE62F40C022BF7E88A0524062F8889812393040CAA31B6151965240DFC325C79D4A3040338CBB41B491524017F032C346853040323ECC5EB69F524028AE2AFBAEA030401CCF6740BDA45240855FEAE74D8D3040B9162D40DBB15240D61C2098A3BF30407327D87F9DBA5240AD16D86322C93040B1BFEC9E3CC052407EACE0B721F2304019AE0E80B8CE5240C495B37746D73040376E313F37D25240CE1951DA1BF430408063CF9ECBEA52404ACE893DB4FB3040ACC8E88024EB5240F775E09C111D31401172DEFFC7E65240FA264D83A24D314089EAAD81ADE85240518369183E7A3140B8E68EFE97FB52407B4E7ADFF8523140DE0033DFC1075340162F1686C85D3140F7AB00DF6D185340D690B8C7D24F3140D6FD63213A1553401C5F7B66499831403A77BB5E9A1A5340423EE8D9AC9A3140DA006C4084215340EE42739D46C23140BF4351A04F2C5340EE2422FC8BB4314062BB7B80EE3C53406FBBD05CA7093240FE0B0401324D53409E98F56228473240702711E15F4F53406893C3279D68324059492BBEA15953404B598638D6653240344DD87E32635340E9B81AD9954A3240,Karnataka
21,0106000020E610000001000000010300000001000000BC000000815D4D9EB2B35440B32616F88AF637409C1A683EE7A954401CB1169F02E8374055850662D9A25440CBD765F84FCB3740E2033BFE0B80544094DE37BEF6DC3740BF0D315EF3735440AC1C5A643BCF37400F60915F3F675440614F3BFC35A937407E8AE3C0AB6E544037F8C264AA9037404C1938A0A57A5440F67EA31D37883740271763601D7E54406AC18BBE826C374041EF8D21008C5440A2D288997D52374064CA87A06A875440265305A3921A3740E2512AE1097C54403F4D2D5BEB13374060CAC0012D7C54402254A9D903F5364087DEE2E13D7154405CCB64389EDF3640556133C00571544089230F4416AD3640575EF23FF96654402844C021548936405019FF3EE358544040FCFCF7E0713640C66AF3FFAA545440CA4FAA7D3A8636407E7214200A4754408C9C853DED703640F2B1BB4049475440B298D87C5C4B3640815D4D9EB23A5440D669A4A5F21E364027F6D03E56355440DE15C1FF56F23540B2DAFCBFEA3354408A05BEA25BBF3540A7B05241452D54406F9D7FBBECAB3540ED7E15E0BB2E5440EB025E66D8783540C131CB9E042A5440B96E4A79AD543540510DFB3DB11C54401E335019FF6635403D9E961FB8175440D63A71395E85354047E350BF0B0C54402B172AFF5AA235409E44847F11045440A4FB3905F98D3540A8C5E061DAF6534016BA1281EA8735405019FF3EE3EE5340E0DBF4673F9A3540E0270EA0DFE453405EF415A4198B3540CBA0DAE044DF53409D83674293AC35400F81238106CF53406BD619DF17B73540D9092FC1A9C65340947D5704FF9B35408CD8278062BE5340B859BC58189E354088997D1EA3BB53400612143FC67C3540D4EE5701BEA75340C77F8120407A354011A27C410B9B5340C3D32B65199A3540E415889E948B534086E5CFB7058F3540B6F5D37FD68A5340F705F4C29D7F3540EF7211DF89795340FE261422E0603540AD9B525E2B5F534061105839B460354009664CC11A5B5340C6151747E58A35408DD2A57F49645340F605F4C29D873540149337C0CC5F5340682101A3CBBF3540535E2BA1BB515340DB34B6D782C235409A0B5C1E6B4453405DF58079C8B8354097530262123953400BB5A679C7993540ED6305BF0D2853407C26FBE769543540F699B33EE5275340B247A8195231354068EBE0606F1F53404776A565A43235403C86C77E16185340FE9E58A7CA133540A180ED60C40B5340143E5B070717354012842BA050065340060FD3BEB95F35401475E61E12CE524053E8BCC62E6935404C1C7920B2C35240253CA1D79F9035404C1C7920B2A5524089027D224FAA3540D7BE805EB8A0524035EF384547BA35405531957EC2A15240E73922DFA5E8354025E7C41EDA985240850838842A0536408CBD175FB49252400E2DB29DEFEF35400E66136058895240F86BB2463DF435407D5D86FF74855240656D533C2E823640DE03745FCE91524008E57D1CCDA536403065E08096985240CDAFE600C1A4364043E048A0C19D52404A97FE25A9D03640AAB9DC60A8945240E7C072840C1037403080F0A144A252406D1E87C1FC193740BD344580D3AA5240967840D994333740A389778027A252407BA01518B25237405001309E41A752405CA626C11B763740C48EC6A17EB6524058CA32C4B18E3740992CEE3F32BC524060C77F8120BC3740A4AA09A2EEB952403F4CC2853CDE37406A12BC218DBF524093A8177C9A07384044C2F7FE06B85240E8995E622C473840376E313F37B252406BD3D85E0B5E3840D0D6C1C1DEAF52405EF58079C8983840F59F353FFEBF5240C29B35785FB53840CEA623809BC75240F9D51C2098E3384066D993C0E6C95240E4D53906640739406AF7AB00DFD35240EBFF1CE6CB0B3940826F9A3E3BD35240FD4AE7C3B3D038402C47C8409ECE5240653909A52FBC38403EB0E3BF40E752402FE1D05B3CB03840FF1A1021AEF55240DD54A4C2D8BA3840858DB27E33FB5240D26F5F07CE893840D8F15F2008F452406EA0C03BF94C3840BD344580D3EC52403DD4B66114F83740C32B499EEBE05240683C11C4790C3840376E313F37DD5240791EDC9DB5EB37401684F23E8EE952405F066344A2CC3740E82D1EDE73FE52405721E527D5EE37404E0D349F73FD5240AD4CF8A57E063840A3772AE09E08534026AB22DC641838409D685721E507534031992A189534384083A5BA80971653405A9D9CA1B83F3840C11F7EFE7B215340DC645419C62938401FBDE13E72275340A514747B49433840085740A19E3253407A2DE8BD31203840E2395B40683C5340E3C62DE6E7323840333509DE90355340D367075C575C3840020F0C207C3653405F4205871778384089AE0B3F38435340865451BCCA863840C35E28603B415340143E5B0707B73840AACB2901313653402026E1421EC53840355F251FBB3C534036B1C05774DF3840EE7893DFA237534032E36DA5D7023940A8C5E061DA4A5340AFE600C11C1D39406FD921FE61535340921D1B8178153940C37FBA81025A5340B058C345EE39394030629F008A5353405A9D9CA1B86F39409A44BDE0D3495340D478E92631503940D09D60FF75315340B77A4E7ADF50394063D34A2190265340EFC341429463394020B41EBE4C215340562B137EA98739405858703FE0215340AC1F9BE447CC3940344415FE0C295340FFFFFFFFFFE7394017B7D100DE3253404832AB77B8F13940D6C4025FD1385340F0F62004E4173A40771211FE45475340A1A2EA573A3B3A40B3B6291E17515340861A8524B3463A402E3883BF5F5B5340556AF6402B683A40C9ACDEE1766153402BC0779B376A3A40D7F15F2008745340677E3507088E3A400A664CC11A865340D672672618CA3A40807B9E3F6D8D53403C8386FE09D63A40E31B0A9FAD985340DD0C37E0F3D33A405B5EB9DE36A453409981CAF8F7C13A40AB92C83EC8AD534084D558C2DACC3A4069FD2D01F8BE5340E9818FC18AAF3A406AF7AB00DFBF5340E90E62670A8D3A4088BD50C076C75340A4BF97C2835A3A40C77C40A033C05340AF0AD462F0143A40A59BC420B0B053404A404CC285B839408BC6DADFD9B2534012A5BDC1179E3940ED9FA70183A953409757AEB7CD903940F7E12021CA9E5340E784D041979439408FFCC1C07395534079E8BB5B596E3940D9092FC1A9985340C47C7901F6313940A08CF161F6945340266C3F19E3FF3840CA6ABA9EE88A5340A2293BFDA0E238402E5915E126915340CF66D5E76AAB38409605137F14915340C72DE6E786723840809C3061349753401FF30181CE603840ADBF2500FF9F53408ACC5CE0F26438405B5EB9DE36B2534014268C66652F3840994A3FE1ECB65340EA5A7B9FAA363840556D37C137BF5340ECA2E8818F6D384092CCEA1D6EB853404F401361C3A33840BAF8DB9E20B05340D00CE2033B9A3840755AB741EDB0534028D2FD9C82DC3840D1AFAD9FFEA7534079AEEFC341F638409014916115A9534093FFC9DFBD0F3940B0C56E9F55A153405801BEDBBC4939405B971AA19FA6534089247A19C56A3940C26169E047BC5340DA3C0E83F9873940C9ACDEE176BB5340ABED26F8A66D3940B2D1393FC5B253402575029A084B394087C0914083B75340548CF337A1303940B1FB8EE1B1C15340D2510E66133C39407842AF3F89C853406EDC627E6E1C39403AAA9A20EAD85340DC847B65DE1E3940A6AD11C138E35340E2E82ADD5D2B39407F6C921FF1F4534090A4A487A119394047E6913F18F653400AD6389B8E3C3940CF85915ED4FF534022AB5B3D274539406C2409C2150C5440A114ADDC0B68394067CD8FBFB4195440BC04A73E903839401EDE7360391954400DA0DFF76F1239405DA626C11B2B544040649126DE0D3940C9737D1F0E3054407DCF488446243940B3CEF8BEB83754401D59F96530123940051555BFD236544093A8177C9AEF3840F7A57EDE544A544033DB15FA60F53840E10CFE7E3151544050A04FE4492A3940BA2EFCE07C5F5440F5F3A62215263940CDACA580B479544070D234289AFB384059A0DD21C57954409869FB5756E23840A1478C9E5B8D5440DCBA9BA73ACC38409A266C3F19935440DC7EF964C5A03840179CC1DF2F9A544053910A630B99384094F6065F98AA544091B6F1272AB33840782AE09EE7B054402A560DC2DC4A384068E55E6056AD5440D1CABDC0AC143840815D4D9EB2B35440B32616F88AF63740,Madhya Pradesh
22,0106000020E61000000100000001030000000100000098000000C131CB9E042A5440B96E4A79AD54354010786000E1285440069CA56439413540ADA1D45E441D5440CE70033E3F2C3540AF9811DE1E1B54405F5E807D74023540F6CFD38041225440581CCEFC6AEE344084BD892139275440B2BCAB1E309734401CEDB8E17727544062F71DC3635334408EB1135E8218544004CAA65CE13D3440CFA0A17F822154408944A165DD1F3440A3957B81591F54407651F4C0C7E4334030629F008A225440A983BC1E4CC6334047E9D2BF242E5440442E3883BF9B33400821205F4238544094A46B26DF84334000FDBE7FF32F54401E6CB1DB674933407B698A00A726544019E8DA17D04F3340F793313ECC2354409B75C6F7C56533404E469561DC185440CEC133A1493E3340C558A65F221154407364E597C1FC3240F7C951802816544030682101A3CF3240CC9717601F1154405582C5E1CCB73240F4C308E1D1065440D11F9A7972AD32408D08C6C1A5FB534053008C67D0C8324001309E4143FB53403368E89FE00A334094DBF63DEAF653406327BC04A71A33409411178046FE5340BA0A293FA96633404F401361C3F153408881AE7D019933408196AE601BDE53406D54A703597F3340B0C56E9F55D05340F8FC3042789C33409A266C3F19CC5340DAACFA5C6D753340DCEBA4BE2CC1534035D252793B8A33405467B5C01EB65340EEEBC03923C2334072FDBB3E73995340BB46CB811ED633407B336ABE4A925340E7FF55478EB0334070EEAF1EF7935340D734EF3845773340942F6821018C5340BEA4315A47653340116F9D7FBB8B5340A5A487A1D53D3340355F251FBB7C534065C746205E57334023F609A018775340F6234564584D3340D0B52FA0177653404CE0D6DD3C1D33405C70067FBF705340390B7BDAE10F33400B24287E8C7953405E48878730DE324018B49080D16F5340EAB12D03CE963240ABD1AB014A65534016DF50F86C713240344DD87E32635340E9B81AD9954A324059492BBEA15953404B598638D6653240702711E15F4F53406893C3279D683240FE0B0401324D53409E98F5622847324062BB7B80EE3C53406FBBD05CA7093240BF4351A04F2C5340EE2422FC8BB43140DA006C4084215340EE42739D46C231403A77BB5E9A1A5340423EE8D9AC9A3140D6FD63213A1553401C5F7B6649983140F7AB00DF6D185340D690B8C7D24F3140DE0033DFC1075340162F1686C85D3140B8E68EFE97FB52407B4E7ADFF852314089EAAD81ADE85240518369183E7A31401172DEFFC7E65240FA264D83A24D3140ACC8E88024EB5240F775E09C111D31408063CF9ECBEA52404ACE893DB4FB3040376E313F37D25240CE1951DA1BF4304019AE0E80B8CE5240C495B37746D73040B1BFEC9E3CC052407EACE0B721F230407327D87F9DBA5240AD16D86322C93040B9162D40DBB15240D61C2098A3BF30401CCF6740BDA45240855FEAE74D8D3040323ECC5EB69F524028AE2AFBAEA03040338CBB41B491524017F032C346853040CAA31B6151965240DFC325C79D4A3040C022BF7E88A0524062F88898123930409C1727BEDA9B524064DF15C1FFE62F40357D76C0759652402C26361FD7862F40355F251FBB8A5240550E2DB29D7F2F40271422E010885240E9D495CFF24C2F40C879FF1F278052407520EBA9D5372F40063065E0807C52406E8786C5A87B2F4014B18861876B5240745776C1E0722F406B0F7BA180655240CCCF0D4DD9D12F40815A0C1EA6605240CEE2C5C210E12F406AFAEC80EB53524097A8DE1AD88A3040ACADD85F76525240E7E104A6D30E314016A58460554B52406BD619DF17633140815A0C1EA648524053AC1A84B9B531402A1DACFF733C5240D6A9F23D2339324000E2AE5E45395240505260014C753240931ADA006C3B524053CBD6FA22893240C24F1C40BF365240E4F6CB272BB232402C29779FE33E524014268C6665CF3240D4D688601C3D5240BE7CB262B8F6324081785DBF60355240EBC9FCA36F063340562B137EA9315240C007AF5DDA383340AB92C83EC82E52408172DBBE479933403EE08101842A524092B3B0A71DEE33402C0E677E352F5240E8A04B38F4223440DAC70A7E1B3E5240ADF545425B363440D500A5A146405240598B4F01301E34408066101FD84D5240AB1C5A643B1F344048C5FF1D515B524070D234289A33344095F3C5DE8B5A52401E1A16A3AE613440347D76C0755E5240ACDD76A1B97E34406C06B8205B5D524053E9279CDDB63440D9E89C9FE26F5240FE0E45813E913440992CEE3F327C5240DB334B02D4C4344047C8409E5D795240A3224E27D9EE3440388600E0D86F52407C7E18213C0A354088BD50C0766F5240A6D590B8C72A3540FEF33460907D524006BB61DBA2643540E63C635FB2935240D027F224E97A3540A27A6B60AB9252404CA088450C8F354088B7CEBF5D845240514CDE00338F3540B2B6291E17775240C89A9141EE7E35403CA1D79FC4745240798EC87729993540336E6AA0F978524063EFC517EDB53540F3CCCB61F7745240D158FB3BDBCF35400E66136058895240F86BB2463DF435408CBD175FB49252400E2DB29DEFEF354025E7C41EDA985240850838842A0536405531957EC2A15240E73922DFA5E83540D7BE805EB8A0524035EF384547BA35404C1C7920B2A5524089027D224FAA35404C1C7920B2C35240253CA1D79F9035401475E61E12CE524053E8BCC62E69354012842BA050065340060FD3BEB95F3540A180ED60C40B5340143E5B07071735403C86C77E16185340FE9E58A7CA13354068EBE0606F1F53404776A565A4323540F699B33EE5275340B247A81952313540ED6305BF0D2853407C26FBE76954354097530262123953400BB5A679C79935409A0B5C1E6B4453405DF58079C8B83540535E2BA1BB515340DB34B6D782C23540149337C0CC5F5340682101A3CBBF35408DD2A57F49645340F605F4C29D87354009664CC11A5B5340C6151747E58A3540AD9B525E2B5F534061105839B4603540EF7211DF89795340FE261422E0603540B6F5D37FD68A5340F705F4C29D7F3540E415889E948B534086E5CFB7058F354011A27C410B9B5340C3D32B65199A3540D4EE5701BEA75340C77F8120407A354088997D1EA3BB53400612143FC67C35408CD8278062BE5340B859BC58189E3540D9092FC1A9C65340947D5704FF9B35400F81238106CF53406BD619DF17B73540CBA0DAE044DF53409D83674293AC3540E0270EA0DFE453405EF415A4198B35405019FF3EE3EE5340E0DBF4673F9A3540A8C5E061DAF6534016BA1281EA8735409E44847F11045440A4FB3905F98D354047E350BF0B0C54402B172AFF5AA235403D9E961FB8175440D63A71395E853540510DFB3DB11C54401E335019FF663540C131CB9E042A5440B96E4A79AD543540,Maharashtra
23,0106000020E6100000010000000103000000010000001C0000002BFC19DEACAB574075FD82DDB0753940ED9C668176A55740AB1C5A643B373940F5BD86E0B8AF57408DEDB5A0F7223940E8305F5E80AF5740B741EDB7760639402C23F59ECA9D5740C1E270E6579338408484285FD09057408A00A777F12A384016A58460558A574031B77BB94FDA37408F17D2E1218157406519E25817EF37402B4D4A41B7735740F8359204E1EE3740AB92C83EC87057409F9273620F01384066BE839F385E57409CE1067C7EF8374083A5BA80975557403D9B559FAB0D384028417FA147485740844BC79C671038405DA626C11B3F5740C51B9947FE2038405BAFE941414257403F14CC9882513840D8F15F2008405740DA6CACC43C673840B8FE5D9F3946574042942F68219538407E4E417E364757402F8672A25DCD38400727A25F5B4C57407905A22765CE3840740305DEC94F574092B06F271101394069E55E60565E5740904E5DF92C4F39405F9A22C0E9665740C51F459DB9333940073F7100FD7157405F402FDCB96C3940DE21C500897557402FA704C424903940FDD2A23EC98057404674CFBA4693394040D7BE805E935740BA85AE44A07E3940339E08E23C9B574046567E198C8D39402BFC19DEACAB574075FD82DDB0753940,Manipur
24,0106000020E610000001000000010300000001000000200000002C11A8FE411B5740D55B035B25083940FE0B040132045740E73922DFA53039406F067FBF98F556403E6EBF7CB22E39408590F3FE3FE956404C88B9A46A1F394022D8B8FE5DD05640601F9DBAF231394013B70A62A0B656404CAAB69BE027394079573D601E9D5640B08F4E5DF9243940168A743FA7875640E09C11A5BD39394015AB06616E7E56404CA60A46254D3940EA93DC6113775640EFC9C342AD493940E11E4B1FBA765640234BE658DE7939402A029CDEC5775640CA349A5C8C893940FDDB65BFEE7756400A7E1B62BC8A3940C98B4CC0AF77564083C30B22528B3940A1681EC02280564076A6D0798D953940816F9A3E3B795640D15790662CBA39405E82531F488756403AEAE8B81AF5394094F3C5DE8B9E56407DE71725E8033A404F58E20165AF564080F0A1444BEA39402B14E97E4EBD5640005471E316EF3940E754320054CE5640164ED2FC31B939409411178046D556402254A9D903D5394024F0879FFFDD56406B48DC63E9DB39404AEF1B5F7BE45640EA42ACFE08073A4092205C0185085740452E3883BF0B3A407A724D81CC095740F2D24D6210D03940F7C95180280F5740DDC7D11C59B53940C3499A3FA61A574080B8AB5791BD3940158DB5BFB3325740E78EFE976B49394064B2B8FFC8275740DDB419A7211E3940ADD4B3209421574079758E01D92339402C11A8FE411B5740D55B035B25083940,Meghalaya
25,0106000020E6100000010000000103000000010000001C000000D8F15F2008405740DA6CACC43C6738405BAFE941414257403F14CC98825138405DA626C11B3F5740C51B9947FE20384028417FA147485740844BC79C6710384083A5BA80975557403D9B559FAB0D3840B610E4A084595740161747E526EE3740596ABDDF685B57406155BDFC4EA7374071218FE046585740850838842A553740252026E142595740F92D3A596A3937402F35423F5353574018E76F4221023740FEEA71DF6A4A574036EA211ADDE936400518963FDF45574040B62C5F97B53640E42D573F364C5740F2EB87D8606D36407B4B395FEC4C5740726DA818E7473640CE8B135FED4457400490DAC4C9353640000341800C4057401551137D3E0E3640044EB6813B39574016C3D50110033640E030D120052D5740A6B6D4415E273640EA758BC058275740EE27637C98253640D8F15F2008225740939048DBF8A73640BD1C76DF3119574079AC1919E40E374096236420CF15574056975302626E37405F7CD11E2F1157408081204086BA3740E10CFE7E311557406A6D1ADB6BE93740D9EE1EA0FB1257400D6C956071403840AEB9A3FFE5215740DE4E22C2BF2C3840ACA1D45E442C57408D9B1A683E5B3840D8F15F2008405740DA6CACC43C673840,Mizoram
26,0106000020E6100000010000000103000000010000001D000000D3DC0A6135CF5740058A58C4B0AF3A40F4D8960167C457401CEDB8E177773A4064AC36FFAFC85740404F030649633A4039B69E211CC8574060E5D022DB193A40E93F6B7EFCC05740DB6CACC43CDF3940F487669E5CC357400400C79E3DC33940BF1072DEFFB35740066344A2D07E39402BFC19DEACAB574075FD82DDB0753940339E08E23C9B574046567E198C8D394040D7BE805E935740BA85AE44A07E3940FDD2A23EC98057404674CFBA46933940DE21C500897557402FA704C424903940073F7100FD7157405F402FDCB96C39405F9A22C0E9665740C51F459DB933394069E55E60565E5740904E5DF92C4F39406ADFDC5F3D5D57409A779CA223713940CEC474215655574034D1E7A38C8C3940E42D573F366D57409CF86A4771DA3940A359D93EE47E57401344DD0720ED394046B6F3FDD4805740BEDD921CB02F3A40C74CA25EF08B5740207BBDFBE3753A409E7763416199574009A52F849C873A40FDD8243FE2A2574096B1A19BFDB53A40BA25396057B35740C09481035ACE3A40A27DACE0B7B85740A3CB9BC3B5EE3A40109370218FC557408F8653E6E6F33A40E1F1ED5D83CC5740FB5C6DC5FE0A3B40FA027AE1CECB57408599B67F65DD3A40D3DC0A6135CF5740058A58C4B0AF3A40,Nagaland
27,0106000020E610000001000000010300000001000000590000006D00362042AE55408687307E1A373640750305DEC9AD5540D53C47E4BB2436405B61FA5E43BD55406E88F19A57153640EA3F6B7EFCC55540D50968226CE83540FCE1E7BF07CF5540DCF4673F52F43540A67D737FF5D155403656629E95CC3540A9893E1F65DC5540D9E21A9FC9C23540EFA5F0A0D9DE5540C3F17C06D49B35402A560DC2DCD95540B167CF656A8E3540ABD1AB014AC75540FF8AFCFA218235409335EA211AB955406CD097DEFE503540C24F1C40BFB455409B02999D452335407C3F355EBAC155408FA2CEDC43B23440809C306134B255403637A6272C893440D5FD63213AB155402B508BC1C3543440809F71E1409F5540103B53E8BC2A3440081EDFDE359755406B48DC63E9F33340EC4E779E786A5540EE3F321D3ABD3340AEB9A3FFE552554054AC1A84B98D3340C131CB9E042E554090847D3B8918334012691B7FA22055407DE882FA96093340C04010204315554008AEF204C2CA3240A1866F61DD05554029B4ACFBC7BE3240B7EC10FFB0F75440B610E4A084D13240DC2A8881AEE654402FBFD364C6173340702711E15FDE54407EC34483140033402E5393E00DD45440BD4C142175F732407521567F84D954408044132862D532401EA8531EDDCB54401E8CD82780BE3240BD0166BE83C05440954737C2A29632409411178046C35440A94D9CDCEF883240A78FC01F7EBE54403CF54883DB5A3240583A1F9E25B3544008CC43A67C7032403695456117B154407364E597C1543240E23C9CC074A6544007ABB184B55D3240E9633E20D09E54404E7ADFF8DA833240CC9717601F975440A94D9CDCEF683240B5C2F4BD86955440B2683A3B190C32406DE525FF93815440AD174339D10E324049F25CDF87705440F78DAF3DB3E431408CF678211D675440535E2BA1BBD031400B789961A3585440BA2EFCE07CCE31401781B1BE815E54400B93A98251F93140F8E12021CA615440D503E621534232409F56D11F9A7C544094861A85248F324043C879FF1F7D544071CADC7C23AE32407E54C37E4F895440FFAECF9CF5C532403A950C00558F5440EF5014E813E93240FCFCF7E0B58954404D4C1762F54333407842AF3F898B544012A27C410B5533409B1DA9BEF3825440F7E7A221E389334021054F215783544084F3A96395CA33402C2CB81FF07654404626E0D748E633404EF2237EC57B54406F2A52616C1934409E5F94A0BF9054400D1AFA27B8F833406BEEE87FB995544039ECBE6378D43340EA7B0DC1719E54401F11532289E63340DF4BE141B3AC5440DD5ED218ADD33340B3EF8AE07FAD5440A86E2EFEB6FB334081751C3F54995440068195438B0C34409F6EA0C03B9A544036C98FF815673440C267EBE0609554403A58FFE730D734409E29745E63A354402DCE18E604F13440E04BE141B3A854402063EE5A422635408DD5E6FF55CC5440B7B8C667B223354089B7CEBF5DD854405F97E13FDD9C3540CFBEF2203DDC5440022D5DC136A635400E4B033FAAE354406B49473998193640E754320054E95440F51263997E3936400A664CC11AF7544076FC17080258364043C5387F13005540954737C2A25E36402D0B26FE2800554009C38025578536402E3BC43F6C0C5540064B75012F5F3640D9D0CDFE401B5540FC3559A31E5A3640271763601D2055404C689258526A36408DD5E6FF553855409C1A683EE76A36400403081F4A4355405F0CE544BB7A3640DBDFD91EBD465540B48EAA26884A364090D8EE1EA0415540228D0A9C6C273640BA2EFCE07C4D55405ED72FD80D0B36405740A19E3E57554056F146E691273640D6FD63213A7955409CF86A4771FA3540BB0D6ABFB58155408E7747C66A2F36406803B001117E55404ED026874F3E3640126058FE7C86554068226C787A7D3640F7AB00DF6D9255400EF62686E46C36402D0B26FE289B554095B6B8C6674E3640EFAEB321FF9F55407B8159A1485736406D00362042AE55408687307E1A373640,Orissa
30,0106000020E61000000100000001030000000100000094000000CB9D996038A152407CAEB6627FF13D40E63FA4DFBEA65240FFCF61BEBCC03D404AEF1B5F7BA452403F027FF8F9673D4069E55E6056BB52409DD843FB585D3D4048E00F3FFFC4524088F4DBD7813B3D40E012807F4AD852408D6665FB90433D408CF678211DD752406BC18BBE82243D40051555BFD2DB52400B0BEE073C043D40D903ADC090E352401B62BCE6559D3C401AE1ED4108FB5240D82AC1E2705E3C403259DC7F6403534036C8242367393C400F5A0F5F26FD52407784D38217FD3B409E7AA4C16DFE5240F623456458DD3B404E2B85402E0D5340C55565DF15D93B4079758E01D90953402444F98216FE3B4061C1FD800717534027DE019EB4243C4063CDC82077225340989EB0C4030A3C4033897AC1A7325340C08EFF0241283C405E64027E8D3D5340A643A7E7DD243C40D5C743DFDD385340D9CD8C7E34B83B4018CC5F2173425340B058C345EED13B4004392861A65153401B9FC9FE79CE3B407C4276DEC6555340E4D2F88557863B40DCD9571EA45B5340CFEFFB372F663B40F4C0C760C5645340E1968FA4A4533B40F699B33EE569534089CC5CE0F22C3B40755776C1E05E534065C746205EE73A409414580053615340E50CC51D6FD23A408484285FD06D5340D2FBC6D79EE13A40F699B33EE58E53400F81238106EF3A40807B9E3F6D8D53403C8386FE09D63A400A664CC11A865340D672672618CA3A40D7F15F2008745340677E3507088E3A40C9ACDEE1766153402BC0779B376A3A402E3883BF5F5B5340556AF6402B683A40B3B6291E17515340861A8524B3463A40771211FE45475340A1A2EA573A3B3A40D6C4025FD1385340F0F62004E4173A4017B7D100DE3253404832AB77B8F13940344415FE0C295340FFFFFFFFFFE739405858703FE0215340AC1F9BE447CC394020B41EBE4C215340562B137EA987394063D34A2190265340EFC3414294633940D09D60FF75315340B77A4E7ADF5039409A44BDE0D3495340D478E9263150394030629F008A5353405A9D9CA1B86F3940C37FBA81025A5340B058C345EE3939406FD921FE61535340921D1B8178153940A8C5E061DA4A5340AFE600C11C1D3940EE7893DFA237534032E36DA5D7023940355F251FBB3C534036B1C05774DF3840AACB2901313653402026E1421EC53840C35E28603B415340143E5B0707B7384089AE0B3F38435340865451BCCA863840020F0C207C3653405F42058717783840333509DE90355340D367075C575C3840E2395B40683C5340E3C62DE6E7323840085740A19E3253407A2DE8BD312038401FBDE13E72275340A514747B49433840C11F7EFE7B215340DC645419C629384083A5BA80971653405A9D9CA1B83F38409D685721E507534031992A1895343840A3772AE09E08534026AB22DC641838404E0D349F73FD5240AD4CF8A57E063840E82D1EDE73FE52405721E527D5EE37401684F23E8EE952405F066344A2CC3740376E313F37DD5240791EDC9DB5EB3740C32B499EEBE05240683C11C4790C3840BD344580D3EC52403DD4B66114F83740D8F15F2008F452406EA0C03BF94C3840858DB27E33FB5240D26F5F07CE893840FF1A1021AEF55240DD54A4C2D8BA38403EB0E3BF40E752402FE1D05B3CB038402C47C8409ECE5240653909A52FBC3840826F9A3E3BD35240FD4AE7C3B3D038406AF7AB00DFD35240EBFF1CE6CB0B394066D993C0E6C95240E4D5390664073940CEA623809BC75240F9D51C2098E33840F59F353FFEBF5240C29B35785FB53840D0D6C1C1DEAF52405EF58079C8983840376E313F37B252406BD3D85E0B5E384044C2F7FE06B85240E8995E622C4738406A12BC218DBF524093A8177C9A073840A4AA09A2EEB952403F4CC2853CDE3740992CEE3F32BC524060C77F8120BC3740C48EC6A17EB6524058CA32C4B18E37405001309E41A752405CA626C11B763740A389778027A252407BA01518B2523740BD344580D3AA5240967840D9943337403080F0A144A252406D1E87C1FC193740AAB9DC60A8945240E7C072840C103740910E0F61FC8F5240B2976DA7AD2D3740B3B6291E178252405BD3BCE314553740A06EA0C03B795240C634D3BD4E563740041BD7BFEB7452406E8B321B64723740B9E00CFE7E68524077F01307D07337408DD2A57F496A5240ED9C6681769F3740C34659BF9959524093C83EC8B2C837406EDFA3FE7A5A5240E3D6A4DB120D384094145800534E5240C9C7EE02251938407B336ABE4A455240006A6AD95A2F38408BE1EA00884B524036B05582C559384021C9ACDEE12E524043FE99417C5C3840E53C635FB2225240A4C343183F8138401CCF6740BD1D52402A8C2D04396838408CDB68006F05524009664CC11AA73840D3DC0A6135F25140A1A2EA573AAB3840DF15C1FF56EA51400FD594641DA23840FDC0559E40DF51407B60C77F81AC3840C9737D1F0ED3514070B54E5C8E9B3840FB05BB61DBC651405CFDD8243FAE3840ABB019E082BC51400ABDFE243EEF3840179F02603CB9514028BA2EFCE0243940573A1F9E25AB5140C1ADBB79AA6339401EC6A4BF97AB5140E67805A227A939408EB1135E82A651401AE1ED4108B439406DE525FF93995140151E34BBEEA9394091F0BDBF419251401C295B24EDB239409A44BDE0D3865140DAA2CC0699EC39407539252026855140CA6ABA9EE80E3A40354415FE0C8B51407500C45DBD3E3A40C98E8D40BC8A51403D80457EFD8C3A40A79542209781514066C1C41F45993A40A9BF5E61C1765140302FC03E3A953A4026FC523F6F615140AB764D486BBC3A401A87FA5DD8605140F450DB8651043B4095F3C5DE8B6551401536035C902D3B405A828C800A815140F2B4FCC0558E3B408AC91B60E6865140D53730B951C43B4026FC523F6F9751408639419B1C023C40E76F422102A4514038656EBE11053C40B1E07EC003AB5140E62494BE10EA3B40724EECA17DB0514099654F029BB73B403C8386FE09BA5140FA449E245DB33B404E07B29E5ACD51402575029A08D33B407218CC5F21EA5140077B134372DE3B40AFCBF09F6EF951404C89247A19F53B4098620E828EFB514048BF7D1D381F3C4089B7CEBF5D0D52401AFD683865663C402F35423F5313524086DBA16131AA3C40A3772AE09E185240D2122BA391C33C40D7D9907F663C524068CA4E3FA8073D405376FA415D515240BF2500FF948E3D40503A9160AA58524022718FA50FED3D40D0D38041D27252409FE74F1BD5113E408066101FD87D5240151E34BBEE313E402B323A2009795240ABD4EC8156F83D40CB9D996038A152407CAEB6627FF13D40,Rajasthan
31,0106000020E610000001000000010300000001000000100000001CB7989F1B3056404FE8F527F1253B409C1727BEDA25564052616C21C8313B40D5E8D500A51B5640CC069964E4143B40359886E1230A5640D0436D1B461D3B400745F300160156409702D2FE07383B40399B8E006E045640B328ECA2E8553B406EF4311F1004564008CDAE7B2B8A3B407633A31F0D0D564042739D465AD63B40ABD1AB014A0756409EB4705985E93B40A4A7C821E21856407CB8E4B853FA3B40F7E12021CA245640473EAF78EA153C4037656EBE11305640245F09A4C4123C403A950C0055385640CF09A1832EE53B403B8908FF22325640FCA886FD9E743B404C13B69F8C39564073486AA164463B401CB7989F1B3056404FE8F527F1253B40,Sikkim
32,0106000020E61000000100000001030000000100000054000000D8F15F2008145440CADE52CE17DB2A4043C879FF1F1654404FA8A78FC0A72A40D7BE805EB8105440D09849D40BE629402C11A8FE41105440EE23B726DD8E294056647440120A5440A08B868C47F128400118CFA0A1F853405B92037635212840AAB69BE09BF553406F8104C58FE12740950ED6FF39F35340FB3C4679E69D27402A1DACFF73F0534009C4EBFA052B2740EA93DC6113F55340E84D452A8CB5264093FC885FB1F65340605AD427B9F3254014AE47E17AF65340CEDDAE97A6A02540931ADA006CF75340C7DADFD91ED52440C11F7EFE7BF553401C977153038D2440A9893E1F65D95340187D0569C6A22440960854FF20D1534070404B57B0752440ABB019E082CF534089D349B6BA0C2440552E54FEB5BE5340392861A6ED5F2340562B137EA9B95340E4A08499B6EF22407C7BD7A02FC4534086014BAE62992240000341800CB7534047E7FC14C78122408066101FD8A4534044C18C2958432240AAD4EC81569A53404ACFF41263392240419E5DBEF58A5340D6AC33BE2FC62140AA9ECC3FFA8A534098A59D9ACB7D214014AE47E17A865340C1012D5DC1462140EA758BC058885340E65C8AABCAFE2040ABB019E08283534013B70A62A0C320406BF46A80D26D5340392BA226FA54204000E5EFDE51625340E26BCF2C0928204016A58460555353404208C8975049204002F4FBFECD4553400E15E3FC4D982040450DA661F85053406C787AA52C132140A883BC1E4C4B534015BF29AC54782140CA64389ECF4F53409964E42CECA92140F38DE89E754853404AEA0434110622408CF678211D5053406AF981AB3C49224085B4C6A013515340F71E2E39EE9422402426A8E15B5953404D2EC6C03AFE22409F56D11F9A4A5340799274CDE44B2340355F251FBB505340D4EFC2D66CED2340EA42ACFE0850534093A7ACA6EB812440F6AB00DF6D4A5340CD7344BE4BB12440E9633E20D03E53407120240B987024409A5C8C81753453402CF180B229972440ED66463F1A355340C443183F8D2B2540963B33C1703953407B832F4CA68A25405325CADE52345340F8510DFB3DB925405952EE3EC72953409E4143FF04D72540FBC9181F662F5340B7019F1F463826403BA759A0DD20534067B8019F1F86264043AD69DE712253408733BF9A03B4264058703FE081105340166EF9484AF2264052465C001A1B5340CD21A98592512740B0CBF09F6E235340EF2076A6D0392740177E703E75365340DC80CF0F233427408AE42B8194395340BABE0F0709912740FB05BB61DB445340CBBC55D7A1722740EC4E779E784F534042B28009DC9A2740EF75525F965B5340E1D231E7198B274044F81741635F5340EB909BE106DC27409E7DE5417A6A5340D5CA845FEAE727407D7555A016715340F25EB532E13728401F0E12A27C6E5340F6EE8FF7AA552840CCB22781CD5D53403483F8C08E6728402D1A321EA5665340C7DADFD91EB52840A2410A9E42665340E7525C55F63D2940F2CF0CE2037053405E2C0C91D35F2940F7E461A1D67453409D2E8B89CDB729408F17D2E1218453409A3DD00A0CA9294032772D211F8E5340E197FA7953812940C173EFE192975340F0C4AC174339294032569BFF57A3534000AC8E1CE96429404B1C7920B2A75340A57EDE54A4F22940F6CFD38041B35340D8BB3FDEAB262A40EC8497E0D4BE534010E9B7AF03272A402A029CDEC5C95340BEFA78E8BB032A401E0E12A27CCE5340DA6D179AEB442A404CFBE6FEEADA5340A2B5A2CD715E2A40DFFDF15EB5DA5340444E5FCFD7A42A4000FDBE7FF3EA5340E50B5A48C0782A40054EB6813BFB534024D6E25300AC2A409529E620E80254404944F817410B2B40D8F15F2008145440CADE52CE17DB2A40,Tamil Nadu
33,0106000020E6100000010000000103000000010000001700000087A2409FC80E57403B35971B0C813840D9EE1EA0FB1257400D6C956071403840E10CFE7E311557406A6D1ADB6BE937405F7CD11E2F1157408081204086BA3740A471A8DF85045740CC5D4BC807A53740B5C5353E93FD56403944DC9C4ABA3740EA6F09C03FFC5640A4FB3905F97537400206499F56F1564033FE7DC685433740187B2FBE68F55640B01F62838517374003098A1F63F056403B32569BFF0337404510E7E104E45640211D1EC2F8F936402C62D8614CDD56404014CC98824137402905DD5ED2D45640285C8FC2F540374087DEE2E13DD05640D63A71395E7D3740062AE3DF67CA56403317B83CD6A03740EF5701BEDBCE56403C1405FA44E63740A568E55E60D956408E959867250D3840250516C094E85640FC8C0B07421A3840C02500FF94EF564006EDD5C7433F3840D097DEFE5CFA56409B1DA9BEF32B384061889CBE9EFE564082C98D226B613840E318C91EA1075740B5E0455F4162384087A2409FC80E57403B35971B0C813840,Tripura
34,0106000020E610000001000000010300000001000000950000009B38B9DFA10454405E0D501A6AD43C402638F581E4175440497F2F8507A13C40323B8BDEA92254402FA52E19C7B03C40E54526E0D72D5440BC7669C361913C40AE9E93DE374554400F4240BE84623C403BC5AA41984D54404BAFCDC64A5C3C40B937BF61A254544057D11F9A79323C402F6EA301BC5E54409065C1C41F153C406494675E0E6D544035D1E7A38CFC3B405437177FDB795440B32616F88ADA3B40B419A721AA8454400EBE30992AEC3B405C76887FD89C5440D68A36C7B9AD3B40C77F812040AD5440200890A163B73B40147B681F2BAF5440BC95253ACB803B4067CA4E3FA8CA54408F65C1C41F753B4041BCAE5FB0D65440B4B0A71DFE563B409E4143FF04D9544050C24CDBBF7A3B40EB4E779E78E754407EFD101B2C783B40F59CF4BEF1F65440852348A5D8593B4065E256410CFF5440739F1C05882E3B40E7543200540355407CCF488446E43A40DD274701A20E5540D8BB3FDEABDE3A404A253CA1D7145540C00644882BAF3A409A3E3BE0BA095540FA7E6ABC74A33A40A583F57F0E0355405ABC5818228B3A40910BCEE0EF035540C476F700DD633A40CD94D6DF120A554050DF32A7CB423A405F79909E2200554054A9D903AD303A40F4A8F8BF23035540E560360186193A40DEFAB0DEA81255406D73637AC2F23940C8940F41D5215540BB5B59A2B3E03940567F8461C027554097A8DE1AD8CA3940BE13B35E0C215540132C0E677EAD3940D3F4D901D714554051D9B0A6B2BC39407F69519FE40D55408F8CD5E6FFA93940198D7C5EF1FA5440FC36C478CD8F3940E52494BE10F254407EF78E1A13663940E10CFE7E31DA5440A0832EE1D03F39407A6CCB80B3D45440E481C8224D0C3940A9BF5E61C1D854407EDE54A4C2C83840AFEC82C135E254408862F206989D384063B83A00E2DF54409E077767ED863840C779FF1F27D954400E15E3FC4D803840C1525DC0CBDB5440F34E05DCF358384085CC9541B5D454408B1A4CC3F01938408F17D2E121CC54401A506F46CDEB3740BBF2599E07BD54400FEECEDA6DDF3740815D4D9EB2B35440B32616F88AF6374068E55E6056AD5440D1CABDC0AC143840782AE09EE7B054402A560DC2DC4A384094F6065F98AA544091B6F1272AB33840179CC1DF2F9A544053910A630B9938409A266C3F19935440DC7EF964C5A03840A1478C9E5B8D5440DCBA9BA73ACC384059A0DD21C57954409869FB5756E23840CDACA580B479544070D234289AFB3840BA2EFCE07C5F5440F5F3A62215263940E10CFE7E3151544050A04FE4492A3940F7A57EDE544A544033DB15FA60F53840051555BFD236544093A8177C9AEF3840B3CEF8BEB83754401D59F96530123940C9737D1F0E3054407DCF4884462439405DA626C11B2B544040649126DE0D39401EDE7360391954400DA0DFF76F12394067CD8FBFB4195440BC04A73E903839406C2409C2150C5440A114ADDC0B683940CF85915ED4FF534022AB5B3D2745394047E6913F18F653400AD6389B8E3C39407F6C921FF1F4534090A4A487A1193940A6AD11C138E35340E2E82ADD5D2B39403AAA9A20EAD85340DC847B65DE1E39407842AF3F89C853406EDC627E6E1C3940B1FB8EE1B1C15340D2510E66133C394087C0914083B75340548CF337A1303940B2D1393FC5B253402575029A084B3940C9ACDEE176BB5340ABED26F8A66D3940C26169E047BC5340DA3C0E83F98739405B971AA19FA6534089247A19C56A3940B0C56E9F55A153405801BEDBBC4939409014916115A9534093FFC9DFBD0F3940D1AFAD9FFEA7534079AEEFC341F63840755AB741EDB0534028D2FD9C82DC3840BAF8DB9E20B05340D00CE2033B9A384092CCEA1D6EB853404F401361C3A33840556D37C137BF5340ECA2E8818F6D3840994A3FE1ECB65340EA5A7B9FAA3638405B5EB9DE36B2534014268C66652F3840ADBF2500FF9F53408ACC5CE0F2643840809C3061349753401FF30181CE6038409605137F14915340C72DE6E7867238402E5915E126915340CF66D5E76AAB3840CA6ABA9EE88A5340A2293BFDA0E23840A08CF161F6945340266C3F19E3FF3840D9092FC1A9985340C47C7901F63139408FFCC1C07395534079E8BB5B596E3940F7E12021CA9E5340E784D04197943940ED9FA70183A953409757AEB7CD9039408BC6DADFD9B2534012A5BDC1179E3940A59BC420B0B053404A404CC285B83940C77C40A033C05340AF0AD462F0143A4088BD50C076C75340A4BF97C2835A3A406AF7AB00DFBF5340E90E62670A8D3A4069FD2D01F8BE5340E9818FC18AAF3A40AB92C83EC8AD534084D558C2DACC3A405B5EB9DE36A453409981CAF8F7C13A40E31B0A9FAD985340DD0C37E0F3D33A40807B9E3F6D8D53403C8386FE09D63A40F699B33EE58E53400F81238106EF3A408484285FD06D5340D2FBC6D79EE13A409414580053615340E50CC51D6FD23A40755776C1E05E534065C746205EE73A40F699B33EE569534089CC5CE0F22C3B40F4C0C760C5645340E1968FA4A4533B40DCD9571EA45B5340CFEFFB372F663B407C4276DEC6555340E4D2F88557863B4004392861A65153401B9FC9FE79CE3B404C2EC6C03A61534087C3D2C08FEE3B402E3201BF465E5340EDF0D7648D1A3C409E7AA4C16D625340CA198A3BDE303C40DD09F65FE75B534066A032FE7D6E3C407427D87F9D55534026A5A0DB4B823C4070EEAF1EF75453402C08E57D1CB13C40E86C01A1F54B5340298D98D9E7DD3C4085CC9541B54D53408B15359886013D40828DEBDFF5475340BBEF181EFB193D408EE733A0DE495340666A12BC21513D40CDCAF6216F455340FE78AF5A99883D400D6FD6E07D4B5340D331E719FBE63D40D2E28C614E515340B1169F02600C3E40F390291F825A5340D2393FC5711C3E4009336DFFCA6453406CA818E76F623E402A323A20096453401C8F19A88C673E40E31B0A9FAD7A534061376C5B94413E407769C361696F5340AC4CF8A57EFE3D4042B0AA5E7E705340C395B37746B73D403B71395E817C534021CCED5EEEAF3D404C1938A0A57E534024B37A87DB8D3D40826F9A3E3B95534052B29C84D2CB3D40D9CD8C7E349F534074CFBA46CBBD3D40A49E05A1BCA0534090D5AD9E93A63D40C9586DFE5FAC5340FFE1AE5E45823D403D98141F9FB953407C0E2C47C8743D40FDF3346090AE53400D84640113503D409529E620E8B9534036B05582C5293D40D9092FC1A9C453404C49D6E1E8263D40D2A6EA1ED9D1534064DF15C1FFF63C405743E21E4BF353407715527E52D53C40AA807B9E3FFF5340B0A4DC7D8EB73C409B38B9DFA10454405E0D501A6AD43C40,Uttar Pradesh
35,0106000020E6100000010000000103000000010000002F0000009B38B9DFA10454405E0D501A6AD43C40AA807B9E3FFF5340B0A4DC7D8EB73C405743E21E4BF353407715527E52D53C40D2A6EA1ED9D1534064DF15C1FFF63C40D9092FC1A9C453404C49D6E1E8263D409529E620E8B9534036B05582C5293D40FDF3346090AE53400D84640113503D403D98141F9FB953407C0E2C47C8743D40C9586DFE5FAC5340FFE1AE5E45823D40A49E05A1BCA0534090D5AD9E93A63D40D9CD8C7E349F534074CFBA46CBBD3D40826F9A3E3B95534052B29C84D2CB3D404C1938A0A57E534024B37A87DB8D3D403B71395E817C534021CCED5EEEAF3D4042B0AA5E7E705340C395B37746B73D407769C361696F5340AC4CF8A57EFE3D40E31B0A9FAD7A534061376C5B94413E402A323A20096453401C8F19A88C673E409829ADBF25735340FF774485EA823E40DC12B9E00C6C5340F272D87DC7C43E4088D860E124725340F71DC3633FDF3E40096F0F42407053409653026212FA3E401CCF6740BD79534004EB387EA8283F40DD274701A2975340577C43E1B3493F40A165DD3F169E5340FD86890629343F4021C9ACDEE1B25340305F5E807D343F401793FE5E0ABA534042739D465A423F4077483140A2C353407E350708E6783F40755776C1E0CF53404A5F0839EF4B3F405FCAC0012DD353404A41B79734263F405D8B16A06DE55340E5B7E864A9F13E40608E1EBFB7EF534073D6A71C93013F40AA7D3A1E330A54409C685721E5CF3E40E25AED612F0F54409274CDE49BBD3E40E8305F5E800D5440F675E09C11953E40CCB22781CD2E54400FCCD1E3F7663E400F3FFF3D783B5440669AB0FD643C3E40C6850321592F544027D4D347E0FF3D4093FFC9DFBD265440851E317A6EF53D409C3237DF882354400B96EA025EDA3D4088BA0F406A175440A911FA997ABD3D40E960FD9FC31A5440043C69E1B2A63D4001F73C7FDA0F54400B96EA025E723D4066F4A3E194135440663046240A493D40DFF42EDE8F1154403410CB660E253D405055A181580954408E7406465E1A3D409B38B9DFA10454405E0D501A6AD43C40,Uttaranchal
36,0106000020E610000001000000010300000001000000680000001CB7989F1B3056404FE8F527F1253B40D1CABDC0AC3756406F63B323D51B3B4016C09481033F5640A86E2EFEB6EB3A406D00362042485640AF37312427CF3A40094E7D20795456403E58C6866EDA3A403CA41820D1615640689604A8A9D13A40BAF59A1E146956408121AB5B3DBF3A408066101FD8765640D18BDAFD2AB43A40D6C743DFDD765640C29E76F86B623A40A77A32FFE86D56400E66136058423A4041EF8D21006E5640F390291F822A3A400B570740DC625640C9E0287975FE3940ABCE6A813D575640A7CB6262F3013A407B30293E3E4A5640FE9C82FC6C243A40C040102043445640F14A92E7FA4A3A4052103CBEBD305640D1782288F34C3A406CE525FF93295640058BC3995F6D3A40073F7100FD1E5640331AF9BCE2753A4045D4449F8F1656407172BF4351383A40B2F2CB608C0B56409241EE224C253A402B508BC1C306564038DA71C3EFD23940E84EB0FF3A1856403CDA38622DB639407A336ABE4A235640BC7A15191D843940F699B33EE53556405C55F65D11743940CAA31B61513D5640342E1C08C9423940CD94D6DF123B5640342E1C08C92A3940FB170802642D5640D83D7958A8353940062AE3DF671C5640E3486760E43139404F1F813FFC1C5640AB5FE97C780A394026E1421EC10E56407B30293E3EF538404DF564FED1005640EF54C03DCFAB38401EF64201DB065640C5E57805A28B3840336E6AA0F9145640FFB1101D02633840E521533E041C5640D13C80457E6138400D8AE6012C2F5640EE2422FC8B443840D7C1C1DEC42C5640471FF301812A3840AA9B8BBFED2E56401475E61E12EA3740838769DFDC2456400BB43BA418DC3740AEBCE47FF22356403EB324404DA537407A4B395FEC3056400C3CF71E2E713740B8E68EFE972C564033A2B437F84A374069BE4A3E763A56407B14AE47E13A3740E736E15E99375640350D8AE601F83640166C239EEC3D5640603DEE5BADD73640C440D7BE803356401A47ACC5A7483640E88711C2A3275640A54929E8F61A3640E8818FC18A265640AA436E861BE8354065A9F57EA31A5640EECC04C3B9E6354001FA7DFFE60D5640999F1B9AB2C335401A87FA5DD809564021EA3E00A9F5354081785DBF60035640A01683876903364040BFEFDFBCFE5540B229577897DB3540E8818FC18AF2554052B81E85EBB13540EFA5F0A0D9DE5540C3F17C06D49B3540A9893E1F65DC5540D9E21A9FC9C23540A67D737FF5D155403656629E95CC3540FCE1E7BF07CF5540DCF4673F52F43540EA3F6B7EFCC55540D50968226CE835405B61FA5E43BD55406E88F19A57153640750305DEC9AD5540D53C47E4BB2436406D00362042AE55408687307E1A3736402920ED7F80B4554055FA0967B7423640F9C08EFF02B655409638F24064653640B0C8AF1F62B05540EC12D55B0393364077483140A29A55401615713AC9C63640A489778027995540DD7C23BA67F936408E058541998D5540A089B0E1E9FD3640D097DEFE5C825540E960FD9FC3243740973B33C1707555406587F8872D3137405DA0A4C00277554037195586717337408D08C6C1A58255402FDD2406817D37406AF7AB00DF885540810871E5EC913740C367EBE0608E5540738577B9886F37407521567F849655406A696E85B0763740A46E675F799C554043588D25ACA137401DCC26C0B0B255406440F67AF7AF3740C36169E047B955401E15FF7744E1374092205C0185C955400CE4D9E55BCB3740ED66463F1ADC5540893C49BA66FA3740AA92C83EC8DF554017D86322A51D38408CB7955E9BEB5540BF64E3C1163F38401893FE5E0AF355400F27309DD661384052103CBEBDF55540F73B1405FABC3840B2F2CB608CFD55406458C51B99EF3840B3EC496073F1554058198D7C5E193940C53A55BE67F2554055185B087238394069E55E6056F2554017B7D100DE723940355F251FBB015640A1DB4B1AA38D3940FDC0559E40035640699082A790AF3940FDF9B660A9F45540B282DF8618DF3940F699B33EE5F555401B4B581B630B3A40ED48F59D5F0E564060764F1E164A3A4013B4C9E1930F5640620FED6305733A404B22FB20CB065640E4F38AA71E893A40F793313ECC0656405A2A6F4738893A40033FAA61BF065640653387A4168A3A4005FD851E310C5640F0BDBF417BC53A40DC2DC901BB075640FD4AE7C3B3FC3A4090D5AD9E930256409141EE224C093B400745F300160156409702D2FE07383B40359886E1230A5640D0436D1B461D3B40D5E8D500A51B5640CC069964E4143B409C1727BEDA25564052616C21C8313B401CB7989F1B3056404FE8F527F1253B40,West Bengal
